"DESCRIPTION","DURATION IN MS","NAME","PARENT SUITE","START TIME","STATUS","STOP TIME","SUB SUITE","SUITE","TEST CLASS","TEST METHOD"
"","7855","test_sched_attribute2","Tests.test_item","Thu Jul 17 21:37:27 CST 2025","passed","Thu Jul 17 21:37:35 CST 2025","TestSchedPage","test_sched","",""
"","11299","test_setting_statistics_success7","Tests.test_item","Thu Jul 17 22:41:15 CST 2025","broken","Thu Jul 17 22:41:27 CST 2025","TestSettingPage","test_setting","",""
"","7532","test_master_addserialfail","Tests.test_item","Fri Jul 18 11:44:31 CST 2025","passed","Fri Jul 18 11:44:39 CST 2025","TestMasterPage","test_master","",""
"","8276","test_sched_downcommand","Tests.test_item","Thu Jul 17 21:36:15 CST 2025","passed","Thu Jul 17 21:36:23 CST 2025","TestSchedPage","test_sched","",""
"","6152","test_coverage_delcancel","Tests.test_item","Thu Jul 17 20:52:09 CST 2025","passed","Thu Jul 17 20:52:15 CST 2025","TestCoveragePage","test_coverage","",""
"","15149","test_customer_selectcodesuccess","Tests.test_item","Thu Jul 17 20:01:24 CST 2025","passed","Thu Jul 17 20:01:39 CST 2025","TestCustomerPage","test_customer","",""
"","18713","test_spec_selectsuccess3","Tests.test_item","Thu Jul 17 19:55:11 CST 2025","passed","Thu Jul 17 19:55:30 CST 2025","TestSpecPage","test_spec1","",""
"","5686","test_shift_addsuccess1","Tests.test_item","Thu Jul 17 20:45:02 CST 2025","passed","Thu Jul 17 20:45:08 CST 2025","TestShiftPage","test_shift","",""
"","15927","test_customer_addall","Tests.test_item","Thu Jul 17 20:03:55 CST 2025","passed","Thu Jul 17 20:04:11 CST 2025","TestCustomerPage","test_customer","",""
"","6133","test_resource_addnum","Tests.test_item","Thu Jul 17 20:21:50 CST 2025","passed","Thu Jul 17 20:21:56 CST 2025","TestResourcePage","test_resource","",""
"","7976","test_sched_attribute1","Tests.test_item","Thu Jul 17 21:37:08 CST 2025","passed","Thu Jul 17 21:37:16 CST 2025","TestSchedPage","test_sched","",""
"初始化并返回 driver","43859","test_delete_start","Tests.test_item","Fri Jul 18 17:24:41 CST 2025","passed","Fri Jul 18 17:25:25 CST 2025","TestDeleteStart","test_deletestart","",""
"","12060","test_resource_selectnamesuccess","Tests.test_item","Thu Jul 17 20:25:56 CST 2025","passed","Thu Jul 17 20:26:08 CST 2025","TestResourcePage","test_resource","",""
"","11200","test_setting_statistics_success2","Tests.test_item","Thu Jul 17 22:36:59 CST 2025","broken","Thu Jul 17 22:37:10 CST 2025","TestSettingPage","test_setting","",""
"","20071","test_item_selectsuccess3","Tests.test_item","Thu Jul 17 20:12:03 CST 2025","passed","Thu Jul 17 20:12:23 CST 2025","TestItemPage","test_item","",""
"","10583","test_production_delete2","Tests.test_item","Fri Jul 18 16:42:48 CST 2025","passed","Fri Jul 18 16:42:59 CST 2025","TestProductionPage","test_production","",""
"","8255","test_changespec_delsuccess2","Tests.test_item","Fri Jul 18 10:56:24 CST 2025","passed","Fri Jul 18 10:56:32 CST 2025","TestChangeSpecPage","test_changespec","",""
"","11335","test_setting_statistics_fail","Tests.test_item","Thu Jul 17 22:39:07 CST 2025","broken","Thu Jul 17 22:39:19 CST 2025","TestSettingPage","test_setting","",""
"","6136","test_process_delcancel","Tests.test_item","Thu Jul 17 20:36:13 CST 2025","passed","Thu Jul 17 20:36:19 CST 2025","TestProcessPage","test_process","",""
"","11199","test_calendar_adddatesuccess","Tests.test_item","Thu Jul 17 20:56:04 CST 2025","passed","Thu Jul 17 20:56:15 CST 2025","TestCalendarPage","test_calendar","",""
"","14890","test_process_selectnamesuccess","Tests.test_item","Thu Jul 17 20:38:56 CST 2025","passed","Thu Jul 17 20:39:11 CST 2025","TestProcessPage","test_process","",""
"","12475","test_setting_notdisplay","Tests.test_item","Thu Jul 17 22:18:07 CST 2025","broken","Thu Jul 17 22:18:19 CST 2025","TestSettingPage","test_setting","",""
"","20355","test_itemgroup_selectsuccess2","Tests.test_item","Thu Jul 17 20:18:50 CST 2025","passed","Thu Jul 17 20:19:10 CST 2025","TestItemGroupPage","test_itemgroup","",""
"","10607","test_coverage_restart","Tests.test_item","Thu Jul 17 20:50:41 CST 2025","passed","Thu Jul 17 20:50:52 CST 2025","TestCoveragePage","test_coverage","",""
"","5302","test_personal_expand3","Tests.test_item","Thu Jul 17 23:22:25 CST 2025","passed","Thu Jul 17 23:22:30 CST 2025","TestPersonalPage","test_personal","",""
"","14725","test_item_selectnamesuccess","Tests.test_item","Thu Jul 17 20:10:41 CST 2025","passed","Thu Jul 17 20:10:56 CST 2025","TestItemPage","test_item","",""
"","4196","test_order_refreshsuccess","Tests.test_item","Thu Jul 17 21:21:15 CST 2025","passed","Thu Jul 17 21:21:19 CST 2025","TestOrderPage","test_order","",""
"","16720","test_shift_delsuccess2","Tests.test_item","Thu Jul 17 20:48:38 CST 2025","passed","Thu Jul 17 20:48:54 CST 2025","TestShiftPage","test_shift","",""
"","9355","test_order_delsuccess","Tests.test_item","Thu Jul 17 21:23:07 CST 2025","passed","Thu Jul 17 21:23:16 CST 2025","TestOrderPage","test_order","",""
"","14880","test_spec_selectcodesuccess","Tests.test_item","Thu Jul 17 19:53:27 CST 2025","passed","Thu Jul 17 19:53:42 CST 2025","TestSpecPage","test_spec1","",""
"","14810","test_spec_selectnodatasuccess","Tests.test_item","Thu Jul 17 19:53:52 CST 2025","passed","Thu Jul 17 19:54:06 CST 2025","TestSpecPage","test_spec1","",""
"","9755","test_sched_moststarttime","Tests.test_item","Thu Jul 17 21:45:42 CST 2025","passed","Thu Jul 17 21:45:51 CST 2025","TestSchedPage","test_sched","",""
"","5564","test_production_editnum","Tests.test_item","Fri Jul 18 16:43:26 CST 2025","passed","Fri Jul 18 16:43:32 CST 2025","TestProductionPage","test_production","",""
"","12614","test_setting_default_start_success2","Tests.test_item","Thu Jul 17 22:58:38 CST 2025","broken","Thu Jul 17 22:58:51 CST 2025","TestSettingPage","test_setting","",""
"","8448","test_shift_addall","Tests.test_item","Thu Jul 17 20:47:42 CST 2025","passed","Thu Jul 17 20:47:51 CST 2025","TestShiftPage","test_shift","",""
"","11350","test_setting_label_repeat","Tests.test_item","Thu Jul 17 22:49:43 CST 2025","broken","Thu Jul 17 22:49:54 CST 2025","TestSettingPage","test_setting","",""
"","12773","test_sched_add_resourcefail","Tests.test_item","Thu Jul 17 21:44:36 CST 2025","broken","Thu Jul 17 21:44:49 CST 2025","TestSchedPage","test_sched","",""
"","7807","test_order_addcodefail","Tests.test_item","Thu Jul 17 21:17:31 CST 2025","passed","Thu Jul 17 21:17:38 CST 2025","TestOrderPage","test_order","",""
"","6222","test_shift_editcodesuccess","Tests.test_item","Thu Jul 17 20:45:37 CST 2025","passed","Thu Jul 17 20:45:44 CST 2025","TestShiftPage","test_shift","",""
"","6552","test_resourcegroup_addcodebox","Tests.test_item","Thu Jul 17 20:29:38 CST 2025","passed","Thu Jul 17 20:29:45 CST 2025","TestResourceGroupPage","test_resourcegroup","",""
"","6842","test_shift_editcolorsuccess","Tests.test_item","Thu Jul 17 20:46:26 CST 2025","passed","Thu Jul 17 20:46:33 CST 2025","TestShiftPage","test_shift","",""
"","5223","test_personal_editpassword10","Tests.test_item","Thu Jul 17 23:03:54 CST 2025","passed","Thu Jul 17 23:03:59 CST 2025","TestPersonalPage","test_personal","",""
"","8535","test_master_delsuccessserial4","Tests.test_item","Thu Jul 17 21:28:46 CST 2025","passed","Thu Jul 17 21:28:55 CST 2025","TestMasterPage","test_master","",""
"","6625","test_process_addnamefail","Tests.test_item","Thu Jul 17 20:34:53 CST 2025","passed","Thu Jul 17 20:34:59 CST 2025","TestProcessPage","test_process","",""
"","12558","test_setting_default_start_success","Tests.test_item","Thu Jul 17 22:17:22 CST 2025","broken","Thu Jul 17 22:17:35 CST 2025","TestSettingPage","test_setting","",""
"","11292","test_setting_layoutlist_deletesuccess","Tests.test_item","Thu Jul 17 22:56:43 CST 2025","broken","Thu Jul 17 22:56:55 CST 2025","TestSettingPage","test_setting","",""
"","4895","test_sched_addrepeat","Tests.test_item","Thu Jul 17 21:33:35 CST 2025","passed","Thu Jul 17 21:33:40 CST 2025","TestSchedPage","test_sched","",""
"","5831","test_resourcegroup_addsuccess","Tests.test_item","Thu Jul 17 20:29:55 CST 2025","passed","Thu Jul 17 20:30:01 CST 2025","TestResourceGroupPage","test_resourcegroup","",""
"","11089","test_setting_statistics","Tests.test_item","Thu Jul 17 22:36:16 CST 2025","broken","Thu Jul 17 22:36:27 CST 2025","TestSettingPage","test_setting","",""
"","7909","test_order_addrepeat","Tests.test_item","Thu Jul 17 21:19:12 CST 2025","passed","Thu Jul 17 21:19:20 CST 2025","TestOrderPage","test_order","",""
"","8097","test_spec_editnamesuccess","Tests.test_item","Thu Jul 17 19:52:55 CST 2025","passed","Thu Jul 17 19:53:03 CST 2025","TestSpecPage","test_spec1","",""
"","5808","test_setting_addtable1","Tests.test_item","Thu Jul 17 22:15:46 CST 2025","passed","Thu Jul 17 22:15:52 CST 2025","TestSettingPage","test_setting","",""
"","9311","test_resource_delsuccess1","Tests.test_item","Thu Jul 17 20:27:57 CST 2025","passed","Thu Jul 17 20:28:06 CST 2025","TestResourcePage","test_resource","",""
"","7681","test_sched_restrictnum","Tests.test_item","Thu Jul 17 21:43:01 CST 2025","passed","Thu Jul 17 21:43:09 CST 2025","TestSchedPage","test_sched","",""
"","4065","test_personal_loginsuccess","Tests.test_item","Thu Jul 17 23:04:52 CST 2025","failed","Thu Jul 17 23:04:56 CST 2025","TestPersonalPage","test_personal","",""
"","5708","test_item_addfail","Tests.test_item","Thu Jul 17 20:05:49 CST 2025","passed","Thu Jul 17 20:05:55 CST 2025","TestItemPage","test_item","",""
"","6055","test_itemgroup_addrepeat","Tests.test_item","Thu Jul 17 20:15:06 CST 2025","passed","Thu Jul 17 20:15:12 CST 2025","TestItemGroupPage","test_itemgroup","",""
"","8627","test_shift_addfail","Tests.test_item","Thu Jul 17 20:42:25 CST 2025","passed","Thu Jul 17 20:42:34 CST 2025","TestShiftPage","test_shift","",""
"","6078","test_itemgroup_editcodesuccess2","Tests.test_item","Thu Jul 17 20:16:27 CST 2025","passed","Thu Jul 17 20:16:33 CST 2025","TestItemGroupPage","test_itemgroup","",""
"","109009","test_personal_openengine1","Tests.test_item","Thu Jul 17 23:09:07 CST 2025","broken","Thu Jul 17 23:10:56 CST 2025","TestPersonalPage","test_personal","",""
"","11200","test_setting_statistics_success9","Tests.test_item","Thu Jul 17 22:42:42 CST 2025","broken","Thu Jul 17 22:42:54 CST 2025","TestSettingPage","test_setting","",""
"","7875","test_chart_button4","Tests.test_item","Thu Jul 17 22:09:23 CST 2025","passed","Thu Jul 17 22:09:30 CST 2025","TestChartPage","test_chart","",""
"","15794","test_setting_layoutlist_deletefail","Tests.test_item","Thu Jul 17 22:57:49 CST 2025","broken","Thu Jul 17 22:58:05 CST 2025","TestSettingPage","test_setting","",""
"","6333","test_process_editcodesuccess","Tests.test_item","Thu Jul 17 20:37:02 CST 2025","passed","Thu Jul 17 20:37:08 CST 2025","TestProcessPage","test_process","",""
"","4932","test_resourcegroup_addsel","Tests.test_item","Thu Jul 17 20:29:24 CST 2025","passed","Thu Jul 17 20:29:28 CST 2025","TestResourceGroupPage","test_resourcegroup","",""
"","12488","test_setting_perspective_start_success","Tests.test_item","Thu Jul 17 22:32:17 CST 2025","broken","Thu Jul 17 22:32:29 CST 2025","TestSettingPage","test_setting","",""
"","13257","test_setting_layoutlist_updatesuceess","Tests.test_item","Thu Jul 17 22:54:25 CST 2025","broken","Thu Jul 17 22:54:39 CST 2025","TestSettingPage","test_setting","",""
"","6151","test_item_addsuccess1","Tests.test_item","Thu Jul 17 20:08:12 CST 2025","passed","Thu Jul 17 20:08:19 CST 2025","TestItemPage","test_item","",""
"","9837","test_changeI_addfail","Tests.test_item","Fri Jul 18 09:36:15 CST 2025","passed","Fri Jul 18 09:36:25 CST 2025","TestChangeIPage","test_changeI","",""
"","8019","test_changer_editprioritizationsuccess","Tests.test_item","Thu Jul 17 21:09:32 CST 2025","passed","Thu Jul 17 21:09:40 CST 2025","TestChangeRPage","test_changeR","",""
"","15250","test_calendar_addall","Tests.test_item","Thu Jul 17 20:56:25 CST 2025","passed","Thu Jul 17 20:56:40 CST 2025","TestCalendarPage","test_calendar","",""
"","11941","test_calendar_deletelayout","Tests.test_item","Thu Jul 17 20:59:18 CST 2025","passed","Thu Jul 17 20:59:30 CST 2025","TestCalendarPage","test_calendar","",""
"","11246","test_setting_label_nodisplay","Tests.test_item","Thu Jul 17 22:52:40 CST 2025","broken","Thu Jul 17 22:52:51 CST 2025","TestSettingPage","test_setting","",""
"","3985","test_item_refreshsuccess","Tests.test_item","Thu Jul 17 20:09:38 CST 2025","passed","Thu Jul 17 20:09:42 CST 2025","TestItemPage","test_item","",""
"","13723","test_changer_addprioritizationfail","Tests.test_item","Thu Jul 17 21:07:15 CST 2025","passed","Thu Jul 17 21:07:28 CST 2025","TestChangeRPage","test_changeR","",""
"","14905","test_changeR_addweeksuccess","Tests.test_item","Thu Jul 17 21:07:54 CST 2025","passed","Thu Jul 17 21:08:09 CST 2025","TestChangeRPage","test_changeR","",""
"","7016","test_resourcegroup_addnamefail","Tests.test_item","Thu Jul 17 20:28:51 CST 2025","passed","Thu Jul 17 20:28:58 CST 2025","TestResourceGroupPage","test_resourcegroup","",""
"","3949","test_resource_refreshsuccess","Tests.test_item","Thu Jul 17 20:24:53 CST 2025","passed","Thu Jul 17 20:24:57 CST 2025","TestResourcePage","test_resource","",""
"","14887","test_master_addsuccess1","Tests.test_item","Thu Jul 17 21:29:05 CST 2025","passed","Thu Jul 17 21:29:20 CST 2025","TestMasterPage","test_master","",""
"","12828","test_changespec_addweeksuccess","Tests.test_item","Fri Jul 18 10:55:41 CST 2025","passed","Fri Jul 18 10:55:54 CST 2025","TestChangeSpecPage","test_changespec","",""
"","6137","test_itemgroup_addsuccess","Tests.test_item","Thu Jul 17 20:14:50 CST 2025","passed","Thu Jul 17 20:14:56 CST 2025","TestItemGroupPage","test_itemgroup","",""
"","6114","test_customer_addrepeat","Tests.test_item","Thu Jul 17 19:59:12 CST 2025","passed","Thu Jul 17 19:59:18 CST 2025","TestCustomerPage","test_customer","",""
"","8462","test_calendar_addfail","Tests.test_item","Thu Jul 17 20:54:11 CST 2025","passed","Thu Jul 17 20:54:20 CST 2025","TestCalendarPage","test_calendar","",""
"","9519","test_sched_rule1","Tests.test_item","Thu Jul 17 21:38:21 CST 2025","passed","Thu Jul 17 21:38:31 CST 2025","TestSchedPage","test_sched","",""
"","5803","test_customer_addsel","Tests.test_item","Thu Jul 17 19:58:41 CST 2025","passed","Thu Jul 17 19:58:47 CST 2025","TestCustomerPage","test_customer","",""
"","8095","test_sched_attribute4","Tests.test_item","Thu Jul 17 21:38:04 CST 2025","passed","Thu Jul 17 21:38:12 CST 2025","TestSchedPage","test_sched","",""
"","7679","test_sched_delsched2","Tests.test_item","Thu Jul 17 21:36:33 CST 2025","passed","Thu Jul 17 21:36:41 CST 2025","TestSchedPage","test_sched","",""
"","5594","test_shift_adddatenum","Tests.test_item","Thu Jul 17 20:42:59 CST 2025","passed","Thu Jul 17 20:43:05 CST 2025","TestShiftPage","test_shift","",""
"","8217","test_itemgroup_addfail","Tests.test_item","Thu Jul 17 20:13:12 CST 2025","passed","Thu Jul 17 20:13:20 CST 2025","TestItemGroupPage","test_itemgroup","",""
"","8551","test_chart_picture","Tests.test_item","Thu Jul 17 22:11:26 CST 2025","passed","Thu Jul 17 22:11:34 CST 2025","TestChartPage","test_chart","",""
"","5069","test_shift_addrepeat","Tests.test_item","Thu Jul 17 20:44:33 CST 2025","passed","Thu Jul 17 20:44:38 CST 2025","TestShiftPage","test_shift","",""
"","7403","test_chart_button8","Tests.test_item","Thu Jul 17 22:10:33 CST 2025","passed","Thu Jul 17 22:10:41 CST 2025","TestChartPage","test_chart","",""
"","6099","test_calendar_delcancel","Tests.test_item","Thu Jul 17 20:57:29 CST 2025","passed","Thu Jul 17 20:57:35 CST 2025","TestCalendarPage","test_calendar","",""
"","11307","test_setting_statistics_success6","Tests.test_item","Thu Jul 17 22:40:33 CST 2025","broken","Thu Jul 17 22:40:44 CST 2025","TestSettingPage","test_setting","",""
"","14788","test_itemgroup_selectnodatasuccess","Tests.test_item","Thu Jul 17 20:17:42 CST 2025","passed","Thu Jul 17 20:17:57 CST 2025","TestItemGroupPage","test_itemgroup","",""
"","12003","test_changeI_delete","Tests.test_item","Fri Jul 18 09:42:23 CST 2025","passed","Fri Jul 18 09:42:35 CST 2025","TestChangeIPage","test_changeI","",""
"","9048","test_setting_layoutlist_dragsuceess","Tests.test_item","Thu Jul 17 22:53:43 CST 2025","passed","Thu Jul 17 22:53:52 CST 2025","TestSettingPage","test_setting","",""
"","6149","test_item_addnum","Tests.test_item","Thu Jul 17 20:06:36 CST 2025","passed","Thu Jul 17 20:06:42 CST 2025","TestItemPage","test_item","",""
"","4864","test_operationPlan_success","","Fri Jul 18 14:33:35 CST 2025","passed","Fri Jul 18 14:33:40 CST 2025","","","",""
"","6476","test_order_editcodesuccess2","Tests.test_item","Thu Jul 17 21:20:40 CST 2025","passed","Thu Jul 17 21:20:46 CST 2025","TestOrderPage","test_order","",""
"","6286","test_resourcegroup_editcodesuccess","Tests.test_item","Thu Jul 17 20:31:17 CST 2025","passed","Thu Jul 17 20:31:23 CST 2025","TestResourceGroupPage","test_resourcegroup","",""
"","14882","test_order_selectcodesuccess","Tests.test_item","Thu Jul 17 21:21:29 CST 2025","passed","Thu Jul 17 21:21:44 CST 2025","TestOrderPage","test_order","",""
"","8774","test_sched_addsuccess","Tests.test_item","Thu Jul 17 21:34:25 CST 2025","passed","Thu Jul 17 21:34:34 CST 2025","TestSchedPage","test_sched","",""
"","8419","test_shift_delsuccess1","Tests.test_item","Thu Jul 17 20:46:43 CST 2025","passed","Thu Jul 17 20:46:51 CST 2025","TestShiftPage","test_shift","",""
"","6244","test_process_editrepeat","Tests.test_item","Thu Jul 17 20:36:45 CST 2025","passed","Thu Jul 17 20:36:51 CST 2025","TestProcessPage","test_process","",""
"","10836","test_order_addfail","Tests.test_item","Thu Jul 17 21:17:10 CST 2025","passed","Thu Jul 17 21:17:21 CST 2025","TestOrderPage","test_order","",""
"","5466","test_shift_addnum","Tests.test_item","Thu Jul 17 20:42:44 CST 2025","passed","Thu Jul 17 20:42:49 CST 2025","TestShiftPage","test_shift","",""
"","9426","test_changeI_editcodesuccess","Tests.test_item","Fri Jul 18 09:41:11 CST 2025","passed","Fri Jul 18 09:41:20 CST 2025","TestChangeIPage","test_changeI","",""
"","4877","test_item_addsel","Tests.test_item","Thu Jul 17 20:06:52 CST 2025","passed","Thu Jul 17 20:06:57 CST 2025","TestItemPage","test_item","",""
"","6624","test_process_addnum","Tests.test_item","Thu Jul 17 20:35:09 CST 2025","passed","Thu Jul 17 20:35:16 CST 2025","TestProcessPage","test_process","",""
"","5144","test_order_addsel","Tests.test_item","Thu Jul 17 21:18:39 CST 2025","passed","Thu Jul 17 21:18:45 CST 2025","TestOrderPage","test_order","",""
"","11742","test_setting_label_testsuccess","Tests.test_item","Thu Jul 17 22:48:59 CST 2025","broken","Thu Jul 17 22:49:11 CST 2025","TestSettingPage","test_setting","",""
"","8215","test_order_addnumfail","Tests.test_item","Thu Jul 17 21:18:06 CST 2025","passed","Thu Jul 17 21:18:14 CST 2025","TestOrderPage","test_order","",""
"","9277","test_sched_order","Tests.test_item","Thu Jul 17 21:40:30 CST 2025","passed","Thu Jul 17 21:40:40 CST 2025","TestSchedPage","test_sched","",""
"","4213","test_setting_statistics_updaterepeat","Tests.test_item","Thu Jul 17 22:45:30 CST 2025","broken","Thu Jul 17 22:45:34 CST 2025","TestSettingPage","test_setting","",""
"","8707","test_calendar_addfails","Tests.test_item","Thu Jul 17 20:55:06 CST 2025","passed","Thu Jul 17 20:55:15 CST 2025","TestCalendarPage","test_calendar","",""
"","7570","test_master_delsuccessserial3","Tests.test_item","Thu Jul 17 21:28:27 CST 2025","passed","Thu Jul 17 21:28:35 CST 2025","TestMasterPage","test_master","",""
"","13663","test_coverage_delsuccess","Tests.test_item","Thu Jul 17 20:53:46 CST 2025","passed","Thu Jul 17 20:54:00 CST 2025","TestCoveragePage","test_coverage","",""
"","18125","test_customer_selectsuccess2","Tests.test_item","Thu Jul 17 20:02:57 CST 2025","passed","Thu Jul 17 20:03:15 CST 2025","TestCustomerPage","test_customer","",""
"","11624","test_setting_display7","Tests.test_item","Thu Jul 17 22:26:20 CST 2025","broken","Thu Jul 17 22:26:32 CST 2025","TestSettingPage","test_setting","",""
"","5617","test_shift_editcodesuccess2","Tests.test_item","Thu Jul 17 20:45:53 CST 2025","passed","Thu Jul 17 20:45:59 CST 2025","TestShiftPage","test_shift","",""
"","8714","test_changeI_addresourcefail","Tests.test_item","Fri Jul 18 09:36:38 CST 2025","passed","Fri Jul 18 09:36:47 CST 2025","TestChangeIPage","test_changeI","",""
"","9269","test_customer_delsuccess","Tests.test_item","Thu Jul 17 20:05:02 CST 2025","passed","Thu Jul 17 20:05:11 CST 2025","TestCustomerPage","test_customer","",""
"","7508","test_personal_expand1","Tests.test_item","Thu Jul 17 23:06:39 CST 2025","passed","Thu Jul 17 23:06:47 CST 2025","TestPersonalPage","test_personal","",""
"","14883","test_item_selectnodatasuccess","Tests.test_item","Thu Jul 17 20:10:16 CST 2025","passed","Thu Jul 17 20:10:31 CST 2025","TestItemPage","test_item","",""
"","9524","test_sched_endtime","Tests.test_item","Thu Jul 17 21:45:23 CST 2025","passed","Thu Jul 17 21:45:32 CST 2025","TestSchedPage","test_sched","",""
"","6406","test_itemgroup_editcodesuccess","Tests.test_item","Thu Jul 17 20:16:11 CST 2025","passed","Thu Jul 17 20:16:17 CST 2025","TestItemGroupPage","test_itemgroup","",""
"","8453","test_function_close3","Tests.test_item","Thu Jul 17 22:59:35 CST 2025","passed","Thu Jul 17 22:59:43 CST 2025","TestFunctionPage","test_function","",""
"","11163","test_setting_statistics_success1","Tests.test_item","Thu Jul 17 22:35:33 CST 2025","broken","Thu Jul 17 22:35:44 CST 2025","TestSettingPage","test_setting","",""
"","11196","test_setting_label_delete","Tests.test_item","Thu Jul 17 22:53:22 CST 2025","broken","Thu Jul 17 22:53:33 CST 2025","TestSettingPage","test_setting","",""
"","8515","test_function_ref","Tests.test_item","Thu Jul 17 22:59:52 CST 2025","passed","Thu Jul 17 23:00:00 CST 2025","TestFunctionPage","test_function","",""
"","11619","test_setting_display4","Tests.test_item","Thu Jul 17 22:24:10 CST 2025","broken","Thu Jul 17 22:24:21 CST 2025","TestSettingPage","test_setting","",""
"","6332","test_shift_editrepeat","Tests.test_item","Thu Jul 17 20:45:19 CST 2025","passed","Thu Jul 17 20:45:26 CST 2025","TestShiftPage","test_shift","",""
"","8416","test_sched_neglectingwork","Tests.test_item","Thu Jul 17 21:41:07 CST 2025","passed","Thu Jul 17 21:41:16 CST 2025","TestSchedPage","test_sched","",""
"","11426","test_master_edititem","Tests.test_item","Thu Jul 17 21:30:36 CST 2025","broken","Thu Jul 17 21:30:48 CST 2025","TestMasterPage","test_master","",""
"","6171","test_resource_delcancel","Tests.test_item","Thu Jul 17 20:23:12 CST 2025","passed","Thu Jul 17 20:23:18 CST 2025","TestResourcePage","test_resource","",""
"","5516","test_calendar_delsuccess","Tests.test_item","Thu Jul 17 20:57:45 CST 2025","passed","Thu Jul 17 20:57:50 CST 2025","TestCalendarPage","test_calendar","",""
"","6586","test_itemgroup_addnamefail","Tests.test_item","Thu Jul 17 20:13:46 CST 2025","passed","Thu Jul 17 20:13:53 CST 2025","TestItemGroupPage","test_itemgroup","",""
"","11464","test_setting_display5","Tests.test_item","Thu Jul 17 22:24:52 CST 2025","broken","Thu Jul 17 22:25:04 CST 2025","TestSettingPage","test_setting","",""
"","5928","test_item_addcodefail","Tests.test_item","Thu Jul 17 20:06:05 CST 2025","passed","Thu Jul 17 20:06:11 CST 2025","TestItemPage","test_item","",""
"","4005","test_itemgroup_refreshsuccess","Tests.test_item","Thu Jul 17 20:17:02 CST 2025","passed","Thu Jul 17 20:17:06 CST 2025","TestItemGroupPage","test_itemgroup","",""
"","25818","test_item_selectsuccess2","Tests.test_item","Thu Jul 17 20:11:28 CST 2025","passed","Thu Jul 17 20:11:53 CST 2025","TestItemPage","test_item","",""
"","10468","test_production_editnum2","Tests.test_item","Fri Jul 18 16:45:05 CST 2025","passed","Fri Jul 18 16:45:15 CST 2025","TestProductionPage","test_production","",""
"","6245","test_itemgroup_delcancel","Tests.test_item","Thu Jul 17 20:15:22 CST 2025","passed","Thu Jul 17 20:15:29 CST 2025","TestItemGroupPage","test_itemgroup","",""
"","5642","test_customer_addnum","Tests.test_item","Thu Jul 17 19:58:25 CST 2025","passed","Thu Jul 17 19:58:31 CST 2025","TestCustomerPage","test_customer","",""
"","7328","test_chart_button6","Tests.test_item","Thu Jul 17 22:09:58 CST 2025","passed","Thu Jul 17 22:10:05 CST 2025","TestChartPage","test_chart","",""
"","13261","test_setting_layoutlist_updatefail","Tests.test_item","Thu Jul 17 22:55:12 CST 2025","broken","Thu Jul 17 22:55:25 CST 2025","TestSettingPage","test_setting","",""
"","17914","test_plan_success","Tests.test_item","Thu Jul 17 21:48:13 CST 2025","passed","Thu Jul 17 21:48:31 CST 2025","TestPlanPage","test_plan","",""
"","11220","test_master_delsuccess1","Tests.test_item","Fri Jul 18 11:45:13 CST 2025","passed","Fri Jul 18 11:45:25 CST 2025","TestMasterPage","test_master","",""
"","9393","test_sched_rule2","Tests.test_item","Thu Jul 17 21:38:41 CST 2025","passed","Thu Jul 17 21:38:51 CST 2025","TestSchedPage","test_sched","",""
"","0","test_setting_addfail2","","Fri Jul 18 17:33:40 CST 2025","skipped","Fri Jul 18 17:33:40 CST 2025","","","",""
"","9646","test_setting_addtable2","Tests.test_item","Thu Jul 17 22:16:02 CST 2025","passed","Thu Jul 17 22:16:12 CST 2025","TestSettingPage","test_setting","",""
"","6027","test_spec_delcancel","Tests.test_item","Thu Jul 17 19:51:34 CST 2025","passed","Thu Jul 17 19:51:40 CST 2025","TestSpecPage","test_spec1","",""
"","13457","test_personal_exit1","Tests.test_item","Thu Jul 17 23:21:10 CST 2025","passed","Thu Jul 17 23:21:23 CST 2025","TestPersonalPage","test_personal","",""
"","11552","test_setting_select_input","Tests.test_item","Thu Jul 17 22:27:03 CST 2025","broken","Thu Jul 17 22:27:15 CST 2025","TestSettingPage","test_setting","",""
"","8593","test_chart_work","Tests.test_item","Thu Jul 17 22:12:02 CST 2025","passed","Thu Jul 17 22:12:11 CST 2025","TestChartPage","test_chart","",""
"","9340","test_changespec_addrepe","Tests.test_item","Fri Jul 18 10:56:04 CST 2025","passed","Fri Jul 18 10:56:13 CST 2025","TestChangeSpecPage","test_changespec","",""
"","5882","test_item_addnamefail","Tests.test_item","Thu Jul 17 20:06:21 CST 2025","passed","Thu Jul 17 20:06:27 CST 2025","TestItemPage","test_item","",""
"","6255","test_item_addrepeat","Tests.test_item","Thu Jul 17 20:07:39 CST 2025","passed","Thu Jul 17 20:07:45 CST 2025","TestItemPage","test_item","",""
"","8289","test_calendar_delall","Tests.test_item","Thu Jul 17 20:57:11 CST 2025","passed","Thu Jul 17 20:57:19 CST 2025","TestCalendarPage","test_calendar","",""
"","11175","test_sched_starttime","Tests.test_item","Thu Jul 17 21:44:58 CST 2025","passed","Thu Jul 17 21:45:09 CST 2025","TestSchedPage","test_sched","",""
"","12053","test_customer_selectsuccess1","Tests.test_item","Thu Jul 17 20:02:35 CST 2025","passed","Thu Jul 17 20:02:47 CST 2025","TestCustomerPage","test_customer","",""
"","5926","test_resource_addfail","Tests.test_item","Thu Jul 17 20:21:01 CST 2025","passed","Thu Jul 17 20:21:07 CST 2025","TestResourcePage","test_resource","",""
"","6004","test_order_editrepeat","Tests.test_item","Thu Jul 17 21:20:05 CST 2025","passed","Thu Jul 17 21:20:11 CST 2025","TestOrderPage","test_order","",""
"","5923","test_customer_editcodesuccess2","Tests.test_item","Thu Jul 17 20:00:33 CST 2025","passed","Thu Jul 17 20:00:39 CST 2025","TestCustomerPage","test_customer","",""
"","11800","test_calendar_selectcodesuccess","Tests.test_item","Thu Jul 17 20:58:56 CST 2025","passed","Thu Jul 17 20:59:08 CST 2025","TestCalendarPage","test_calendar","",""
"","5761","test_spec_addsuccess","Tests.test_item","Thu Jul 17 19:51:02 CST 2025","passed","Thu Jul 17 19:51:08 CST 2025","TestSpecPage","test_spec1","",""
"","6049","test_customer_delcancel","Tests.test_item","Thu Jul 17 19:59:28 CST 2025","passed","Thu Jul 17 19:59:34 CST 2025","TestCustomerPage","test_customer","",""
"","6181","test_resource_addrepeat","Tests.test_item","Thu Jul 17 20:22:56 CST 2025","passed","Thu Jul 17 20:23:02 CST 2025","TestResourcePage","test_resource","",""
"","11140","test_processr_delall","Tests.test_item","Thu Jul 17 20:41:18 CST 2025","passed","Thu Jul 17 20:41:29 CST 2025","TestProcessPage","test_process","",""
"","18892","test_customer_selectsuccess3","Tests.test_item","Thu Jul 17 20:03:25 CST 2025","passed","Thu Jul 17 20:03:44 CST 2025","TestCustomerPage","test_customer","",""
"","4451","test_changeI_delcancel","Tests.test_item","Fri Jul 18 09:40:56 CST 2025","passed","Fri Jul 18 09:41:00 CST 2025","TestChangeIPage","test_changeI","",""
"","13913","test_changeI_addtimefails","Tests.test_item","Fri Jul 18 09:37:20 CST 2025","passed","Fri Jul 18 09:37:34 CST 2025","TestChangeIPage","test_changeI","",""
"","9271","test_resourcegroup_delsuccess","Tests.test_item","Thu Jul 17 20:33:33 CST 2025","passed","Thu Jul 17 20:33:43 CST 2025","TestResourceGroupPage","test_resourcegroup","",""
"","4152","test_changer_refreshsuccess","Tests.test_item","Thu Jul 17 21:09:50 CST 2025","passed","Thu Jul 17 21:09:54 CST 2025","TestChangeRPage","test_changeR","",""
"","4886","test_personal_editpassword4","Tests.test_item","Thu Jul 17 23:02:45 CST 2025","passed","Thu Jul 17 23:02:50 CST 2025","TestPersonalPage","test_personal","",""
"","6391","test_item_addcodebox","Tests.test_item","Thu Jul 17 20:07:07 CST 2025","passed","Thu Jul 17 20:07:13 CST 2025","TestItemPage","test_item","",""
"","9861","test_plan_local","Tests.test_item","Thu Jul 17 21:46:42 CST 2025","passed","Thu Jul 17 21:46:52 CST 2025","TestPlanPage","test_plan","",""
"","17299","test_chart_plan","Tests.test_item","Thu Jul 17 22:12:38 CST 2025","passed","Thu Jul 17 22:12:56 CST 2025","TestChartPage","test_chart","",""
"","11279","test_changespec_addweeksuccess","","Fri Jul 18 10:08:45 CST 2025","passed","Fri Jul 18 10:08:57 CST 2025","","","",""
"","13866","test_changespec_addprioritizationfail","Tests.test_item","Fri Jul 18 10:55:02 CST 2025","passed","Fri Jul 18 10:55:16 CST 2025","TestChangeSpecPage","test_changespec","",""
"","14371","test_changespec_addtimefails","Tests.test_item","Fri Jul 18 10:54:37 CST 2025","passed","Fri Jul 18 10:54:52 CST 2025","TestChangeSpecPage","test_changespec","",""
"","11844","test_spec_selectsuccess1","Tests.test_item","Thu Jul 17 19:54:16 CST 2025","passed","Thu Jul 17 19:54:28 CST 2025","TestSpecPage","test_spec1","",""
"","9080","test_process_addfail","Tests.test_item","Thu Jul 17 20:34:19 CST 2025","passed","Thu Jul 17 20:34:28 CST 2025","TestProcessPage","test_process","",""
"","7753","test_sched_work","Tests.test_item","Thu Jul 17 21:40:49 CST 2025","passed","Thu Jul 17 21:40:57 CST 2025","TestSchedPage","test_sched","",""
"","8420","test_function_close2","Tests.test_item","Thu Jul 17 22:59:18 CST 2025","passed","Thu Jul 17 22:59:27 CST 2025","TestFunctionPage","test_function","",""
"","7269","test_chart_button9","Tests.test_item","Thu Jul 17 22:10:50 CST 2025","passed","Thu Jul 17 22:10:58 CST 2025","TestChartPage","test_chart","",""
"","12211","test_setting_label_display","Tests.test_item","Thu Jul 17 22:51:10 CST 2025","broken","Thu Jul 17 22:51:22 CST 2025","TestSettingPage","test_setting","",""
"","8062","test_spec_editcodesuccess","Tests.test_item","Thu Jul 17 19:52:22 CST 2025","passed","Thu Jul 17 19:52:30 CST 2025","TestSpecPage","test_spec1","",""
"","6327","test_master_delsuccessserial1","Tests.test_item","Thu Jul 17 21:27:53 CST 2025","passed","Thu Jul 17 21:27:59 CST 2025","TestMasterPage","test_master","",""
"","5986","test_setting_addfail1","Tests.test_item","Fri Jul 18 17:33:32 CST 2025","passed","Fri Jul 18 17:33:38 CST 2025","TestSettingPage","test_setting","",""
"","10917","test_setting_select_selsuccess","Tests.test_item","Thu Jul 17 22:29:54 CST 2025","broken","Thu Jul 17 22:30:05 CST 2025","TestSettingPage","test_setting","",""
"","3933","test_changespec_refreshsuccess","Tests.test_item","Fri Jul 18 10:57:33 CST 2025","passed","Fri Jul 18 10:57:37 CST 2025","TestChangeSpecPage","test_changespec","",""
"","17396","test_process_delsuccess1","Tests.test_item","Thu Jul 17 20:41:58 CST 2025","passed","Thu Jul 17 20:42:15 CST 2025","TestProcessPage","test_process","",""
"","4373","test_changeI_refreshsuccess","Tests.test_item","Fri Jul 18 09:41:48 CST 2025","passed","Fri Jul 18 09:41:52 CST 2025","TestChangeIPage","test_changeI","",""
"","6100","test_item_addsuccess","Tests.test_item","Thu Jul 17 20:07:23 CST 2025","passed","Thu Jul 17 20:07:29 CST 2025","TestItemPage","test_item","",""
"","11921","test_setting_display2","Tests.test_item","Thu Jul 17 22:22:42 CST 2025","broken","Thu Jul 17 22:22:54 CST 2025","TestSettingPage","test_setting","",""
"","11755","test_itemgroupselectsuccess1","Tests.test_item","Thu Jul 17 20:18:28 CST 2025","passed","Thu Jul 17 20:18:40 CST 2025","TestItemGroupPage","test_itemgroup","",""
"","6136","test_shift_restart","Tests.test_item","Thu Jul 17 20:48:01 CST 2025","passed","Thu Jul 17 20:48:07 CST 2025","TestShiftPage","test_shift","",""
"","11237","test_coverage_editcodesuccess","Tests.test_item","Thu Jul 17 20:53:25 CST 2025","broken","Thu Jul 17 20:53:36 CST 2025","TestCoveragePage","test_coverage","",""
"","4098","test_spec_refreshsuccess","Tests.test_item","Thu Jul 17 19:53:13 CST 2025","passed","Thu Jul 17 19:53:17 CST 2025","TestSpecPage","test_spec1","",""
"","6019","test_production_add1","Tests.test_item","Fri Jul 18 16:41:30 CST 2025","passed","Fri Jul 18 16:41:36 CST 2025","TestProductionPage","test_production","",""
"","8552","test_order_editnamesuccess","Tests.test_item","Thu Jul 17 21:20:56 CST 2025","passed","Thu Jul 17 21:21:05 CST 2025","TestOrderPage","test_order","",""
"","6130","test_item_editcodesuccess2","Tests.test_item","Thu Jul 17 20:09:02 CST 2025","passed","Thu Jul 17 20:09:08 CST 2025","TestItemPage","test_item","",""
"","11588","test_setting_total","Tests.test_item","Thu Jul 17 22:19:36 CST 2025","broken","Thu Jul 17 22:19:48 CST 2025","TestSettingPage","test_setting","",""
"","11353","test_master_editresource","Tests.test_item","Thu Jul 17 21:31:21 CST 2025","broken","Thu Jul 17 21:31:33 CST 2025","TestMasterPage","test_master","",""
"","10593","test_chart_sort2","Tests.test_item","Thu Jul 17 22:07:30 CST 2025","passed","Thu Jul 17 22:07:40 CST 2025","TestChartPage","test_chart","",""
"","6436","test_customer_editcodesuccess","Tests.test_item","Thu Jul 17 20:00:15 CST 2025","passed","Thu Jul 17 20:00:21 CST 2025","TestCustomerPage","test_customer","",""
"","5027","test_spec_addsel","Tests.test_item","Thu Jul 17 19:50:48 CST 2025","passed","Thu Jul 17 19:50:53 CST 2025","TestSpecPage","test_spec1","",""
"","6863","test_personal_switchcolor2","Tests.test_item","Thu Jul 17 23:06:22 CST 2025","passed","Thu Jul 17 23:06:29 CST 2025","TestPersonalPage","test_personal","",""
"","6099","test_resourcegroup_addcodefail","Tests.test_item","Thu Jul 17 20:28:35 CST 2025","passed","Thu Jul 17 20:28:41 CST 2025","TestResourceGroupPage","test_resourcegroup","",""
"","6371","test_resource_addsuccess1","Tests.test_item","Thu Jul 17 20:23:28 CST 2025","passed","Thu Jul 17 20:23:35 CST 2025","TestResourcePage","test_resource","",""
"","25914","test_operationPlan_success","Tests.test_item","Fri Jul 18 14:38:17 CST 2025","passed","Fri Jul 18 14:38:43 CST 2025","TestOperationPlanPage","test_operationPlan","",""
"","11615","test_changeI_selectcodesuccess","Tests.test_item","Fri Jul 18 09:42:02 CST 2025","passed","Fri Jul 18 09:42:13 CST 2025","TestChangeIPage","test_changeI","",""
"","10892","test_sched_add_resourcesuccess","Tests.test_item","Thu Jul 17 21:43:35 CST 2025","passed","Thu Jul 17 21:43:46 CST 2025","TestSchedPage","test_sched","",""
"","8210","test_calendar_addresourcefail","Tests.test_item","Thu Jul 17 20:54:30 CST 2025","passed","Thu Jul 17 20:54:38 CST 2025","TestCalendarPage","test_calendar","",""
"","14857","test_resourcegroup_selectcodesuccess","Tests.test_item","Thu Jul 17 20:32:22 CST 2025","passed","Thu Jul 17 20:32:37 CST 2025","TestResourceGroupPage","test_resourcegroup","",""
"","15121","test_resource_selectcodesuccess","Tests.test_item","Thu Jul 17 20:25:07 CST 2025","passed","Thu Jul 17 20:25:22 CST 2025","TestResourcePage","test_resource","",""
"","4432","test_customer_refreshsuccess","Tests.test_item","Thu Jul 17 20:01:08 CST 2025","passed","Thu Jul 17 20:01:13 CST 2025","TestCustomerPage","test_customer","",""
"","25444","test_previewPlan_delete","Tests.test_item","Fri Jul 18 16:29:13 CST 2025","passed","Fri Jul 18 16:29:38 CST 2025","TestPreviewPlanPage","test_previewplan","",""
"","5733","test_spec_editcodesuccess2","Tests.test_item","Thu Jul 17 19:52:40 CST 2025","passed","Thu Jul 17 19:52:45 CST 2025","TestSpecPage","test_spec1","",""
"","8377","test_order_dellayout","Tests.test_item","Thu Jul 17 21:23:45 CST 2025","passed","Thu Jul 17 21:23:54 CST 2025","TestOrderPage","test_order","",""
"","6471","test_resource_editrepeat","Tests.test_item","Thu Jul 17 20:23:45 CST 2025","passed","Thu Jul 17 20:23:51 CST 2025","TestResourcePage","test_resource","",""
"","8910","test_changeI_restart","Tests.test_item","Fri Jul 18 09:39:01 CST 2025","passed","Fri Jul 18 09:39:10 CST 2025","TestChangeIPage","test_changeI","",""
"","11311","test_setting_statisticsfail","Tests.test_item","Thu Jul 17 22:34:51 CST 2025","broken","Thu Jul 17 22:35:02 CST 2025","TestSettingPage","test_setting","",""
"","11452","test_setting_display6","Tests.test_item","Thu Jul 17 22:25:37 CST 2025","broken","Thu Jul 17 22:25:49 CST 2025","TestSettingPage","test_setting","",""
"","8989","test_changespec_editcodesuccess","Tests.test_item","Fri Jul 18 10:56:56 CST 2025","passed","Fri Jul 18 10:57:05 CST 2025","TestChangeSpecPage","test_changespec","",""
"","6121","test_item_editrepeat","Tests.test_item","Thu Jul 17 20:08:28 CST 2025","passed","Thu Jul 17 20:08:34 CST 2025","TestItemPage","test_item","",""
"","4428","test_shift_delcancel","Tests.test_item","Thu Jul 17 20:44:48 CST 2025","passed","Thu Jul 17 20:44:52 CST 2025","TestShiftPage","test_shift","",""
"","4716","test_production_addfail1","Tests.test_item","Fri Jul 18 16:40:22 CST 2025","passed","Fri Jul 18 16:40:27 CST 2025","TestProductionPage","test_production","",""
"","9833","test_sched_mostendtime","Tests.test_item","Thu Jul 17 21:46:01 CST 2025","passed","Thu Jul 17 21:46:11 CST 2025","TestSchedPage","test_sched","",""
"","6831","test_resourcegroup_editnamesuccess","Tests.test_item","Thu Jul 17 20:31:51 CST 2025","passed","Thu Jul 17 20:31:58 CST 2025","TestResourceGroupPage","test_resourcegroup","",""
"","8923","test_chart_resource","Tests.test_item","Thu Jul 17 22:11:44 CST 2025","passed","Thu Jul 17 22:11:53 CST 2025","TestChartPage","test_chart","",""
"","4760","test_personal_editpassword2","Tests.test_item","Thu Jul 17 23:02:19 CST 2025","passed","Thu Jul 17 23:02:24 CST 2025","TestPersonalPage","test_personal","",""
"","6116","test_resource_addsuccess","Tests.test_item","Thu Jul 17 20:22:38 CST 2025","passed","Thu Jul 17 20:22:45 CST 2025","TestResourcePage","test_resource","",""
"","11793","test_itemgroup_selectnamesuccess","Tests.test_item","Thu Jul 17 20:18:07 CST 2025","passed","Thu Jul 17 20:18:19 CST 2025","TestItemGroupPage","test_itemgroup","",""
"","1604","test_login_acfail","Tests.test_item","Fri Jul 18 17:40:37 CST 2025","passed","Fri Jul 18 17:40:38 CST 2025","TestLoginPage","test_login","",""
"","8619","test_sched_allocateresources","Tests.test_item","Thu Jul 17 21:40:12 CST 2025","passed","Thu Jul 17 21:40:20 CST 2025","TestSchedPage","test_sched","",""
"","6898","test_sched_resourceconstraints2","Tests.test_item","Thu Jul 17 21:42:44 CST 2025","passed","Thu Jul 17 21:42:51 CST 2025","TestSchedPage","test_sched","",""
"","7829","test_setting_layout_deletefail","Tests.test_item","Thu Jul 17 22:57:05 CST 2025","passed","Thu Jul 17 22:57:13 CST 2025","TestSettingPage","test_setting","",""
"","6219","test_itemgroup_addcodefail","Tests.test_item","Thu Jul 17 20:13:30 CST 2025","passed","Thu Jul 17 20:13:36 CST 2025","TestItemGroupPage","test_itemgroup","",""
"","11641","test_setting_select_seleinput","Tests.test_item","Thu Jul 17 22:28:29 CST 2025","broken","Thu Jul 17 22:28:41 CST 2025","TestSettingPage","test_setting","",""
"","8455","test_chart_button10","Tests.test_item","Thu Jul 17 22:11:07 CST 2025","passed","Thu Jul 17 22:11:15 CST 2025","TestChartPage","test_chart","",""
"","5669","test_changer_addnum","Tests.test_item","Thu Jul 17 21:07:38 CST 2025","passed","Thu Jul 17 21:07:44 CST 2025","TestChangeRPage","test_changeR","",""
"","11593","test_setting_label_fail","Tests.test_item","Thu Jul 17 22:47:34 CST 2025","broken","Thu Jul 17 22:47:46 CST 2025","TestSettingPage","test_setting","",""
"","5509","test_process_addsuccess1","Tests.test_item","Thu Jul 17 20:36:29 CST 2025","passed","Thu Jul 17 20:36:35 CST 2025","TestProcessPage","test_process","",""
"","4514","test_changespec_delcancel","Tests.test_item","Fri Jul 18 10:56:42 CST 2025","passed","Fri Jul 18 10:56:46 CST 2025","TestChangeSpecPage","test_changespec","",""
"","5284","test_personal_editpassword1","Tests.test_item","Thu Jul 17 23:02:05 CST 2025","passed","Thu Jul 17 23:02:11 CST 2025","TestPersonalPage","test_personal","",""
"","17391","test_coverage_addall","Tests.test_item","Thu Jul 17 20:50:14 CST 2025","passed","Thu Jul 17 20:50:31 CST 2025","TestCoveragePage","test_coverage","",""
"","4206","test_shift_refreshsuccess","Tests.test_item","Thu Jul 17 20:47:01 CST 2025","passed","Thu Jul 17 20:47:06 CST 2025","TestShiftPage","test_shift","",""
"","22498","test_spec_selectsuccess2","Tests.test_item","Thu Jul 17 19:54:38 CST 2025","passed","Thu Jul 17 19:55:01 CST 2025","TestSpecPage","test_spec1","",""
"","15323","test_spec_addall","Tests.test_item","Thu Jul 17 19:55:40 CST 2025","passed","Thu Jul 17 19:55:56 CST 2025","TestSpecPage","test_spec1","",""
"","15137","test_master_addsuccess","Tests.test_item","Fri Jul 18 11:46:44 CST 2025","passed","Fri Jul 18 11:46:59 CST 2025","TestMasterPage","test_master","",""
"","7267","test_resource_addnamefail","Tests.test_item","Thu Jul 17 20:21:33 CST 2025","passed","Thu Jul 17 20:21:40 CST 2025","TestResourcePage","test_resource","",""
"","5748","test_spec_addrepeat","Tests.test_item","Thu Jul 17 19:51:18 CST 2025","passed","Thu Jul 17 19:51:24 CST 2025","TestSpecPage","test_spec1","",""
"","7512","test_sched_addcommandsuccess2","Tests.test_item","Thu Jul 17 21:35:40 CST 2025","passed","Thu Jul 17 21:35:48 CST 2025","TestSchedPage","test_sched","",""
"","6874","test_sched_add_resourcesuccess1","Tests.test_item","Thu Jul 17 21:43:56 CST 2025","passed","Thu Jul 17 21:44:03 CST 2025","TestSchedPage","test_sched","",""
"","8528","test_sched_restrict","Tests.test_item","Thu Jul 17 21:41:27 CST 2025","passed","Thu Jul 17 21:41:36 CST 2025","TestSchedPage","test_sched","",""
"","12091","test_changespec_delsuccesslayout","Tests.test_item","Fri Jul 18 10:58:09 CST 2025","passed","Fri Jul 18 10:58:21 CST 2025","TestChangeSpecPage","test_changespec","",""
"","9233","test_process_addall","Tests.test_item","Thu Jul 17 20:40:42 CST 2025","passed","Thu Jul 17 20:40:51 CST 2025","TestProcessPage","test_process","",""
"","6812","test_resource_addcodebox","Tests.test_item","Thu Jul 17 20:22:21 CST 2025","passed","Thu Jul 17 20:22:28 CST 2025","TestResourcePage","test_resource","",""
"","0","test_production_editnum1","Tests.test_item","Fri Jul 18 16:44:14 CST 2025","broken","Fri Jul 18 16:44:14 CST 2025","TestProductionPage","test_production","",""
"","14615","test_itemgroup_selectcodesuccess","Tests.test_item","Thu Jul 17 20:17:16 CST 2025","passed","Thu Jul 17 20:17:31 CST 2025","TestItemGroupPage","test_itemgroup","",""
"","6998","test_personal_expand2","Tests.test_item","Thu Jul 17 23:06:55 CST 2025","passed","Thu Jul 17 23:07:02 CST 2025","TestPersonalPage","test_personal","",""
"","12430","test_setting_deletelayout","Tests.test_item","Thu Jul 17 22:15:09 CST 2025","passed","Thu Jul 17 22:15:22 CST 2025","TestSettingPage","test_setting","",""
"","8480","test_process_editnamesuccess","Tests.test_item","Thu Jul 17 20:37:34 CST 2025","passed","Thu Jul 17 20:37:42 CST 2025","TestProcessPage","test_process","",""
"","6375","test_customer_editrepeat","Tests.test_item","Thu Jul 17 19:59:59 CST 2025","passed","Thu Jul 17 20:00:05 CST 2025","TestCustomerPage","test_customer","",""
"","15021","test_process_selectcodesuccess","Tests.test_item","Thu Jul 17 20:38:06 CST 2025","passed","Thu Jul 17 20:38:21 CST 2025","TestProcessPage","test_process","",""
"","7277","test_plan_openbutton","Tests.test_item","Thu Jul 17 21:47:52 CST 2025","passed","Thu Jul 17 21:47:59 CST 2025","TestPlanPage","test_plan","",""
"","8273","test_chart_button2","Tests.test_item","Thu Jul 17 22:08:48 CST 2025","passed","Thu Jul 17 22:08:56 CST 2025","TestChartPage","test_chart","",""
"","8546","test_resourcegroup_addfail","Tests.test_item","Thu Jul 17 20:28:16 CST 2025","passed","Thu Jul 17 20:28:25 CST 2025","TestResourceGroupPage","test_resourcegroup","",""
"","14929","test_resource_selectnodatasuccess","Tests.test_item","Thu Jul 17 20:25:32 CST 2025","passed","Thu Jul 17 20:25:47 CST 2025","TestResourcePage","test_resource","",""
"","8303","test_changespec_addfail","Tests.test_item","Fri Jul 18 10:53:38 CST 2025","passed","Fri Jul 18 10:53:47 CST 2025","TestChangeSpecPage","test_changespec","",""
"","4942","test_shift_addsel","Tests.test_item","Thu Jul 17 20:44:03 CST 2025","passed","Thu Jul 17 20:44:08 CST 2025","TestShiftPage","test_shift","",""
"","13692","test_changer_addtimefails","Tests.test_item","Thu Jul 17 21:06:51 CST 2025","passed","Thu Jul 17 21:07:04 CST 2025","TestChangeRPage","test_changeR","",""
"","8406","test_chart_filter","Tests.test_item","Thu Jul 17 22:07:50 CST 2025","passed","Thu Jul 17 22:07:59 CST 2025","TestChartPage","test_chart","",""
"","14799","test_shift_selectcodesuccess","Tests.test_item","Thu Jul 17 20:47:17 CST 2025","passed","Thu Jul 17 20:47:32 CST 2025","TestShiftPage","test_shift","",""
"","5505","test_personal_editpassword11","Tests.test_item","Thu Jul 17 23:04:08 CST 2025","passed","Thu Jul 17 23:04:13 CST 2025","TestPersonalPage","test_personal","",""
"","7395","test_function_switch","Tests.test_item","Thu Jul 17 23:00:23 CST 2025","passed","Thu Jul 17 23:00:30 CST 2025","TestFunctionPage","test_function","",""
"","11989","test_changeR_delete","Tests.test_item","Thu Jul 17 21:10:25 CST 2025","passed","Thu Jul 17 21:10:37 CST 2025","TestChangeRPage","test_changeR","",""
"","10271","test_production_delete1","Tests.test_item","Fri Jul 18 16:42:07 CST 2025","passed","Fri Jul 18 16:42:18 CST 2025","TestProductionPage","test_production","",""
"","8253","test_changeI_editprioritizationsuccess","Tests.test_item","Fri Jul 18 09:41:30 CST 2025","passed","Fri Jul 18 09:41:38 CST 2025","TestChangeIPage","test_changeI","",""
"","9693","test_coverage_addfail","Tests.test_item","Thu Jul 17 20:49:05 CST 2025","passed","Thu Jul 17 20:49:14 CST 2025","TestCoveragePage","test_coverage","",""
"","6197","test_resourcegroup_editrepeat","Tests.test_item","Thu Jul 17 20:31:01 CST 2025","passed","Thu Jul 17 20:31:07 CST 2025","TestResourceGroupPage","test_resourcegroup","",""
"","6375","test_production_addfail2","Tests.test_item","Fri Jul 18 16:40:37 CST 2025","passed","Fri Jul 18 16:40:43 CST 2025","TestProductionPage","test_production","",""
"","6001","test_production_add4","Tests.test_item","Fri Jul 18 16:43:09 CST 2025","passed","Fri Jul 18 16:43:15 CST 2025","TestProductionPage","test_production","",""
"","11407","test_chart_instruction","Tests.test_item","Thu Jul 17 22:08:09 CST 2025","passed","Thu Jul 17 22:08:20 CST 2025","TestChartPage","test_chart","",""
"","12018","test_order_selectsuccess1","Tests.test_item","Thu Jul 17 21:22:16 CST 2025","passed","Thu Jul 17 21:22:28 CST 2025","TestOrderPage","test_order","",""
"","107477","test_personal_openengine3","Tests.test_item","Thu Jul 17 23:16:55 CST 2025","broken","Thu Jul 17 23:18:43 CST 2025","TestPersonalPage","test_personal","",""
"","11198","test_setting_deletetable","Tests.test_item","Thu Jul 17 22:16:22 CST 2025","passed","Thu Jul 17 22:16:33 CST 2025","TestSettingPage","test_setting","",""
"","7289","test_sched_upcommand","Tests.test_item","Thu Jul 17 21:35:58 CST 2025","passed","Thu Jul 17 21:36:05 CST 2025","TestSchedPage","test_sched","",""
"","11254","test_setting_statistics_success11","Tests.test_item","Thu Jul 17 22:44:07 CST 2025","broken","Thu Jul 17 22:44:18 CST 2025","TestSettingPage","test_setting","",""
"","8549","test_order_editcodesuccess","Tests.test_item","Thu Jul 17 21:20:21 CST 2025","passed","Thu Jul 17 21:20:30 CST 2025","TestOrderPage","test_order","",""
"","8855","test_changer_editcodesuccess","Tests.test_item","Thu Jul 17 21:09:13 CST 2025","passed","Thu Jul 17 21:09:22 CST 2025","TestChangeRPage","test_changeR","",""
"","7516","test_personal_language2","Tests.test_item","Thu Jul 17 23:20:38 CST 2025","passed","Thu Jul 17 23:20:46 CST 2025","TestPersonalPage","test_personal","",""
"","6393","test_sched_add_resourcefailed","Tests.test_item","Thu Jul 17 21:43:19 CST 2025","passed","Thu Jul 17 21:43:25 CST 2025","TestSchedPage","test_sched","",""
"","5820","test_customer_addnamefail","Tests.test_item","Thu Jul 17 19:58:09 CST 2025","passed","Thu Jul 17 19:58:15 CST 2025","TestCustomerPage","test_customer","",""
"","109775","test_personal_openengine2","Tests.test_item","Thu Jul 17 23:13:01 CST 2025","broken","Thu Jul 17 23:14:51 CST 2025","TestPersonalPage","test_personal","",""
"","5345","test_master_addfail","Tests.test_item","Fri Jul 18 11:43:58 CST 2025","passed","Fri Jul 18 11:44:03 CST 2025","TestMasterPage","test_master","",""
"","4463","test_changer_delcancel","Tests.test_item","Thu Jul 17 21:08:59 CST 2025","passed","Thu Jul 17 21:09:03 CST 2025","TestChangeRPage","test_changeR","",""
"","7656","test_sched_delsched1","Tests.test_item","Thu Jul 17 21:34:07 CST 2025","passed","Thu Jul 17 21:34:15 CST 2025","TestSchedPage","test_sched","",""
"","8708","test_chart_expression","Tests.test_item","Thu Jul 17 22:12:20 CST 2025","passed","Thu Jul 17 22:12:29 CST 2025","TestChartPage","test_chart","",""
"","6457","test_order_delcancel","Tests.test_item","Thu Jul 17 21:19:30 CST 2025","passed","Thu Jul 17 21:19:37 CST 2025","TestOrderPage","test_order","",""
"","1240","test_personal_editpasswordback","Tests.test_item","Thu Jul 17 23:05:25 CST 2025","broken","Thu Jul 17 23:05:26 CST 2025","TestPersonalPage","test_personal","",""
"","8198","test_personal_switchformat2","Tests.test_item","Thu Jul 17 23:05:51 CST 2025","passed","Thu Jul 17 23:05:59 CST 2025","TestPersonalPage","test_personal","",""
"","6064","test_rresourcegroup_editcodesuccess2","Tests.test_item","Thu Jul 17 20:31:33 CST 2025","passed","Thu Jul 17 20:31:39 CST 2025","TestResourceGroupPage","test_resourcegroup","",""
"","8028","test_personal_language1","Tests.test_item","Thu Jul 17 23:20:22 CST 2025","passed","Thu Jul 17 23:20:30 CST 2025","TestPersonalPage","test_personal","",""
"","14229","test_coverage_addweeksuccess1","Tests.test_item","Thu Jul 17 20:49:50 CST 2025","passed","Thu Jul 17 20:50:04 CST 2025","TestCoveragePage","test_coverage","",""
"","11538","test_setting_display1","Tests.test_item","Thu Jul 17 22:21:59 CST 2025","broken","Thu Jul 17 22:22:11 CST 2025","TestSettingPage","test_setting","",""
"","3124","test_login_success","Tests.test_item","Fri Jul 18 17:40:54 CST 2025","passed","Fri Jul 18 17:40:58 CST 2025","TestLoginPage","test_login","",""
"","9717","test_item_delsuccess1","Tests.test_item","Thu Jul 17 20:12:53 CST 2025","passed","Thu Jul 17 20:13:02 CST 2025","TestItemPage","test_item","",""
"","5468","test_process_editcodesuccess2","Tests.test_item","Thu Jul 17 20:37:19 CST 2025","passed","Thu Jul 17 20:37:24 CST 2025","TestProcessPage","test_process","",""
"","8581","test_changeI_delall","Tests.test_item","Fri Jul 18 09:39:23 CST 2025","passed","Fri Jul 18 09:39:31 CST 2025","TestChangeIPage","test_changeI","",""
"","6046","test_resourcegroup_addsuccess1","Tests.test_item","Thu Jul 17 20:30:45 CST 2025","passed","Thu Jul 17 20:30:51 CST 2025","TestResourceGroupPage","test_resourcegroup","",""
"","6113","test_resourcegroup_addnum","Tests.test_item","Thu Jul 17 20:29:08 CST 2025","passed","Thu Jul 17 20:29:14 CST 2025","TestResourceGroupPage","test_resourcegroup","",""
"","6800","test_personal_switchcolor1","Tests.test_item","Thu Jul 17 23:06:07 CST 2025","passed","Thu Jul 17 23:06:14 CST 2025","TestPersonalPage","test_personal","",""
"","11525","test_changer_selectcodesuccess","Tests.test_item","Thu Jul 17 21:10:04 CST 2025","passed","Thu Jul 17 21:10:15 CST 2025","TestChangeRPage","test_changeR","",""
"","5828","test_spec_editrepeat","Tests.test_item","Thu Jul 17 19:52:06 CST 2025","passed","Thu Jul 17 19:52:12 CST 2025","TestSpecPage","test_spec1","",""
"","5360","test_resource_addsel","Tests.test_item","Thu Jul 17 20:22:06 CST 2025","passed","Thu Jul 17 20:22:11 CST 2025","TestResourcePage","test_resource","",""
"","4760","test_personal_editpassword5","Tests.test_item","Thu Jul 17 23:02:58 CST 2025","passed","Thu Jul 17 23:03:03 CST 2025","TestPersonalPage","test_personal","",""
"","7867","test_order_addsuccess1","Tests.test_item","Thu Jul 17 21:19:46 CST 2025","passed","Thu Jul 17 21:19:54 CST 2025","TestOrderPage","test_order","",""
"","17115","test_changeI_addweeksuccess","Tests.test_item","Fri Jul 18 09:39:44 CST 2025","passed","Fri Jul 18 09:40:02 CST 2025","TestChangeIPage","test_changeI","",""
"","7392","test_sched_addcommandsuccess","Tests.test_item","Thu Jul 17 21:34:59 CST 2025","passed","Thu Jul 17 21:35:07 CST 2025","TestSchedPage","test_sched","",""
"","14720","test_item_selectcodesuccess","Tests.test_item","Thu Jul 17 20:09:52 CST 2025","passed","Thu Jul 17 20:10:06 CST 2025","TestItemPage","test_item","",""
"","5528","test_calendar_addnum","Tests.test_item","Thu Jul 17 20:55:26 CST 2025","passed","Thu Jul 17 20:55:32 CST 2025","TestCalendarPage","test_calendar","",""
"","8175","test_production_selectresource","Tests.test_item","Fri Jul 18 16:46:07 CST 2025","passed","Fri Jul 18 16:46:15 CST 2025","TestProductionPage","test_production","",""
"","4094","test_master_refreshsuccess","Tests.test_item","Thu Jul 17 21:31:43 CST 2025","passed","Thu Jul 17 21:31:47 CST 2025","TestMasterPage","test_master","",""
"","10818","test_changer_additemfail","Tests.test_item","Thu Jul 17 21:06:30 CST 2025","passed","Thu Jul 17 21:06:41 CST 2025","TestChangeRPage","test_changeR","",""
"","5423","test_setting_addfail2","Tests.test_item","Thu Jul 17 22:14:21 CST 2025","passed","Thu Jul 17 22:14:26 CST 2025","TestSettingPage","test_setting","",""
"","17952","test_spec_delsuccess1","Tests.test_item","Thu Jul 17 19:57:06 CST 2025","passed","Thu Jul 17 19:57:24 CST 2025","TestSpecPage","test_spec1","",""
"","5546","test_process_addrepeat","Tests.test_item","Thu Jul 17 20:35:56 CST 2025","passed","Thu Jul 17 20:36:02 CST 2025","TestProcessPage","test_process","",""
"","4214","test_coverage_refreshsuccess","Tests.test_item","Thu Jul 17 20:52:25 CST 2025","passed","Thu Jul 17 20:52:29 CST 2025","TestCoveragePage","test_coverage","",""
"","19453","test_resource_selectsuccess3","Tests.test_item","Thu Jul 17 20:27:08 CST 2025","passed","Thu Jul 17 20:27:28 CST 2025","TestResourcePage","test_resource","",""
"","5776","test_changespec_addnum","Tests.test_item","Fri Jul 18 10:55:26 CST 2025","passed","Fri Jul 18 10:55:31 CST 2025","TestChangeSpecPage","test_changespec","",""
"","13958","test_personal_openengine5","Tests.test_item","Thu Jul 17 23:19:58 CST 2025","broken","Thu Jul 17 23:20:12 CST 2025","TestPersonalPage","test_personal","",""
"","11375","test_master_delsuccess2","Tests.test_item","Fri Jul 18 11:46:22 CST 2025","passed","Fri Jul 18 11:46:34 CST 2025","TestMasterPage","test_master","",""
"","6052","test_resource_addcodefail","Tests.test_item","Thu Jul 17 20:21:17 CST 2025","passed","Thu Jul 17 20:21:23 CST 2025","TestResourcePage","test_resource","",""
"","11558","test_master_delsuccess3","Tests.test_item","Fri Jul 18 11:47:30 CST 2025","broken","Fri Jul 18 11:47:41 CST 2025","TestMasterPage","test_master","",""
"","8944","test_production_delete","Tests.test_item","Fri Jul 18 16:41:11 CST 2025","passed","Fri Jul 18 16:41:20 CST 2025","TestProductionPage","test_production","",""
"","15014","test_resourcegroup_selectnodatasuccess","Tests.test_item","Thu Jul 17 20:32:47 CST 2025","passed","Thu Jul 17 20:33:02 CST 2025","TestResourceGroupPage","test_resourcegroup","",""
"","9159","test_spec_delsuccess","Tests.test_item","Thu Jul 17 19:56:47 CST 2025","passed","Thu Jul 17 19:56:56 CST 2025","TestSpecPage","test_spec1","",""
"","12003","test_process_selectsuccess1","Tests.test_item","Thu Jul 17 20:39:21 CST 2025","passed","Thu Jul 17 20:39:33 CST 2025","TestProcessPage","test_process","",""
"","9077","test_process_delsuccess","Tests.test_item","Thu Jul 17 20:41:39 CST 2025","passed","Thu Jul 17 20:41:48 CST 2025","TestProcessPage","test_process","",""
"","19462","test_itemgroup_selectsuccess3","Tests.test_item","Thu Jul 17 20:19:20 CST 2025","passed","Thu Jul 17 20:19:40 CST 2025","TestItemGroupPage","test_itemgroup","",""
"","8475","test_sched_attribute3","Tests.test_item","Thu Jul 17 21:37:46 CST 2025","passed","Thu Jul 17 21:37:54 CST 2025","TestSchedPage","test_sched","",""
"","19133","test_order_selectsuccess2","Tests.test_item","Thu Jul 17 21:22:38 CST 2025","passed","Thu Jul 17 21:22:57 CST 2025","TestOrderPage","test_order","",""
"","7429","test_chart_button3","Tests.test_item","Thu Jul 17 22:09:06 CST 2025","passed","Thu Jul 17 22:09:13 CST 2025","TestChartPage","test_chart","",""
"","9667","test_sched_filterorders","Tests.test_item","Thu Jul 17 21:42:06 CST 2025","passed","Thu Jul 17 21:42:16 CST 2025","TestSchedPage","test_sched","",""
"","4159","test_calendar_refreshsuccess","Tests.test_item","Thu Jul 17 20:58:42 CST 2025","passed","Thu Jul 17 20:58:46 CST 2025","TestCalendarPage","test_calendar","",""
"","6715","test_resource_editcodesuccess","Tests.test_item","Thu Jul 17 20:24:02 CST 2025","passed","Thu Jul 17 20:24:09 CST 2025","TestResourcePage","test_resource","",""
"","5876","test_customer_addsuccess1","Tests.test_item","Thu Jul 17 19:59:44 CST 2025","passed","Thu Jul 17 19:59:50 CST 2025","TestCustomerPage","test_customer","",""
"","7897","test_calendar_addshiftfail","Tests.test_item","Thu Jul 17 20:54:48 CST 2025","passed","Thu Jul 17 20:54:56 CST 2025","TestCalendarPage","test_calendar","",""
"","5550","test_order_addnum","Tests.test_item","Thu Jul 17 21:18:24 CST 2025","passed","Thu Jul 17 21:18:30 CST 2025","TestOrderPage","test_order","",""
"","11211","test_master_delsuccess4","Tests.test_item","Thu Jul 17 21:32:44 CST 2025","broken","Thu Jul 17 21:32:55 CST 2025","TestMasterPage","test_master","",""
"","7786","test_plan_fail","Tests.test_item","Thu Jul 17 21:47:08 CST 2025","passed","Thu Jul 17 21:47:15 CST 2025","TestPlanPage","test_plan","",""
"","5314","test_personal_editpassword3","Tests.test_item","Thu Jul 17 23:02:32 CST 2025","passed","Thu Jul 17 23:02:37 CST 2025","TestPersonalPage","test_personal","",""
"","8666","test_changeR_delsuccess2","Tests.test_item","Thu Jul 17 21:08:40 CST 2025","passed","Thu Jul 17 21:08:49 CST 2025","TestChangeRPage","test_changeR","",""
"","4116","test_process_refreshsuccess","Tests.test_item","Thu Jul 17 20:37:52 CST 2025","passed","Thu Jul 17 20:37:56 CST 2025","TestProcessPage","test_process","",""
"","11235","test_setting_statistics_success3","Tests.test_item","Thu Jul 17 22:37:42 CST 2025","broken","Thu Jul 17 22:37:53 CST 2025","TestSettingPage","test_setting","",""
"","4898","test_shift_adddateminnum_successes","Tests.test_item","Thu Jul 17 20:43:48 CST 2025","passed","Thu Jul 17 20:43:53 CST 2025","TestShiftPage","test_shift","",""
"","12376","test_sched_delcommandsuccess","Tests.test_item","Thu Jul 17 21:35:18 CST 2025","passed","Thu Jul 17 21:35:31 CST 2025","TestSchedPage","test_sched","",""
"","11141","test_setting_statistics_success8","Tests.test_item","Thu Jul 17 22:41:59 CST 2025","broken","Thu Jul 17 22:42:10 CST 2025","TestSettingPage","test_setting","",""
"","4471","test_setting_displaynum2","Tests.test_item","Thu Jul 17 22:21:23 CST 2025","broken","Thu Jul 17 22:21:28 CST 2025","TestSettingPage","test_setting","",""
"","11153","test_production_delete3","Tests.test_item","Fri Jul 18 16:46:45 CST 2025","passed","Fri Jul 18 16:46:56 CST 2025","TestProductionPage","test_production","",""
"","8885","test_coverage_delall","Tests.test_item","Thu Jul 17 20:51:02 CST 2025","passed","Thu Jul 17 20:51:11 CST 2025","TestCoveragePage","test_coverage","",""
"","9926","test_item_editnamesuccess","Tests.test_item","Thu Jul 17 20:09:18 CST 2025","passed","Thu Jul 17 20:09:28 CST 2025","TestItemPage","test_item","",""
"","4553","test_process_addsel","Tests.test_item","Thu Jul 17 20:35:26 CST 2025","passed","Thu Jul 17 20:35:30 CST 2025","TestProcessPage","test_process","",""
"初始化并返回 driver","95444","test_start","Tests.test_item","Fri Jul 18 14:34:01 CST 2025","passed","Fri Jul 18 14:35:36 CST 2025","TestStartPage","test_start","",""
"","15672","test_itemgroup_delsuccess1","Tests.test_item","Thu Jul 17 20:20:35 CST 2025","passed","Thu Jul 17 20:20:51 CST 2025","TestItemGroupPage","test_itemgroup","",""
"","9560","test_sched_screeningwork","Tests.test_item","Thu Jul 17 21:41:46 CST 2025","passed","Thu Jul 17 21:41:55 CST 2025","TestSchedPage","test_sched","",""
"","8278","test_changer_addfail","Tests.test_item","Thu Jul 17 21:05:53 CST 2025","passed","Thu Jul 17 21:06:02 CST 2025","TestChangeRPage","test_changeR","",""
"","6893","test_order_addnamefail","Tests.test_item","Thu Jul 17 21:17:48 CST 2025","passed","Thu Jul 17 21:17:55 CST 2025","TestOrderPage","test_order","",""
"","11217","test_setting_statistics_success4","Tests.test_item","Thu Jul 17 22:38:25 CST 2025","broken","Thu Jul 17 22:38:36 CST 2025","TestSettingPage","test_setting","",""
"","10160","test_production_add2","Tests.test_item","Fri Jul 18 16:41:47 CST 2025","passed","Fri Jul 18 16:41:57 CST 2025","TestProductionPage","test_production","",""
"","11559","test_changespec_selectcodesuccess","Tests.test_item","Fri Jul 18 10:57:47 CST 2025","passed","Fri Jul 18 10:57:59 CST 2025","TestChangeSpecPage","test_changespec","",""
"","12706","test_setting_perspective_display","Tests.test_item","Thu Jul 17 22:33:45 CST 2025","broken","Thu Jul 17 22:33:58 CST 2025","TestSettingPage","test_setting","",""
"","5310","test_personal_editpasswordsuccess","Tests.test_item","Thu Jul 17 23:04:22 CST 2025","passed","Thu Jul 17 23:04:28 CST 2025","TestPersonalPage","test_personal","",""
"","13604","test_setting_select_dateinput","Tests.test_item","Thu Jul 17 22:31:30 CST 2025","broken","Thu Jul 17 22:31:44 CST 2025","TestSettingPage","test_setting","",""
"","18181","test_resource_selectsuccess2","Tests.test_item","Thu Jul 17 20:26:40 CST 2025","passed","Thu Jul 17 20:26:58 CST 2025","TestResourcePage","test_resource","",""
"","11049","test_calendar_editshiftsuccess","Tests.test_item","Thu Jul 17 20:58:21 CST 2025","passed","Thu Jul 17 20:58:32 CST 2025","TestCalendarPage","test_calendar","",""
"","7912","test_personal_language3","Tests.test_item","Thu Jul 17 23:20:54 CST 2025","passed","Thu Jul 17 23:21:02 CST 2025","TestPersonalPage","test_personal","",""
"","8116","test_production_selectcode","Tests.test_item","Fri Jul 18 16:45:48 CST 2025","passed","Fri Jul 18 16:45:56 CST 2025","TestProductionPage","test_production","",""
"","9674","test_item_delsuccess","Tests.test_item","Thu Jul 17 20:12:33 CST 2025","passed","Thu Jul 17 20:12:43 CST 2025","TestItemPage","test_item","",""
"","11189","test_spec_delall","Tests.test_item","Thu Jul 17 19:56:26 CST 2025","passed","Thu Jul 17 19:56:37 CST 2025","TestSpecPage","test_spec1","",""
"","2615","test_personal_exit2","Tests.test_item","Thu Jul 17 23:21:33 CST 2025","passed","Thu Jul 17 23:21:35 CST 2025","TestPersonalPage","test_personal","",""
"","6252","test_resource_editcodesuccess2","Tests.test_item","Thu Jul 17 20:24:20 CST 2025","passed","Thu Jul 17 20:24:27 CST 2025","TestResourcePage","test_resource","",""
"","14746","test_process_selectnodatasuccess","Tests.test_item","Thu Jul 17 20:38:32 CST 2025","passed","Thu Jul 17 20:38:46 CST 2025","TestProcessPage","test_process","",""
"","2525","test_personal_characters_nodisplay","Tests.test_item","Thu Jul 17 23:22:14 CST 2025","broken","Thu Jul 17 23:22:16 CST 2025","TestPersonalPage","test_personal","",""
"","4074","test_resourcegroup_refreshsuccess","Tests.test_item","Thu Jul 17 20:32:08 CST 2025","passed","Thu Jul 17 20:32:12 CST 2025","TestResourceGroupPage","test_resourcegroup","",""
"","5696","test_spec_addnum","Tests.test_item","Thu Jul 17 19:50:32 CST 2025","passed","Thu Jul 17 19:50:38 CST 2025","TestSpecPage","test_spec1","",""
"","4040","test_setting_statistics_updatesuceess","Tests.test_item","Thu Jul 17 22:46:00 CST 2025","broken","Thu Jul 17 22:46:04 CST 2025","TestSettingPage","test_setting","",""
"","4929","test_itemgroup_addsel","Tests.test_item","Thu Jul 17 20:14:18 CST 2025","passed","Thu Jul 17 20:14:23 CST 2025","TestItemGroupPage","test_itemgroup","",""
"","11646","test_setting_perspective_notdisplay","Tests.test_item","Thu Jul 17 22:33:01 CST 2025","broken","Thu Jul 17 22:33:12 CST 2025","TestSettingPage","test_setting","",""
"","48502","test_setting_statistics_deletesuceess","Tests.test_item","Thu Jul 17 22:46:14 CST 2025","passed","Thu Jul 17 22:47:03 CST 2025","TestSettingPage","test_setting","",""
"","11002","test_shift_delall","Tests.test_item","Thu Jul 17 20:48:17 CST 2025","passed","Thu Jul 17 20:48:28 CST 2025","TestShiftPage","test_shift","",""
"","14275","test_personal_openengine4","Tests.test_item","Thu Jul 17 23:19:13 CST 2025","broken","Thu Jul 17 23:19:27 CST 2025","TestPersonalPage","test_personal","",""
"","7115","test_setting_addsuccess","Tests.test_item","Thu Jul 17 22:14:36 CST 2025","passed","Thu Jul 17 22:14:43 CST 2025","TestSettingPage","test_setting","",""
"","6125","test_itemgroup_addnum","Tests.test_item","Thu Jul 17 20:14:02 CST 2025","passed","Thu Jul 17 20:14:09 CST 2025","TestItemGroupPage","test_itemgroup","",""
"","5071","test_shift_addsuccess","Tests.test_item","Thu Jul 17 20:44:18 CST 2025","passed","Thu Jul 17 20:44:23 CST 2025","TestShiftPage","test_shift","",""
"","4615","test_production_editsele","Tests.test_item","Fri Jul 18 16:43:43 CST 2025","passed","Fri Jul 18 16:43:47 CST 2025","TestProductionPage","test_production","",""
"","5613","test_personal_editpassword6","Tests.test_item","Thu Jul 17 23:03:13 CST 2025","passed","Thu Jul 17 23:03:18 CST 2025","TestPersonalPage","test_personal","",""
"","13566","test_setting_layoutlist_defaultfail","Tests.test_item","Thu Jul 17 22:55:59 CST 2025","broken","Thu Jul 17 22:56:12 CST 2025","TestSettingPage","test_setting","",""
"","4174","test_setting_displaynum1","Tests.test_item","Thu Jul 17 22:20:55 CST 2025","broken","Thu Jul 17 22:20:59 CST 2025","TestSettingPage","test_setting","",""
"","11170","test_setting_display3","Tests.test_item","Thu Jul 17 22:23:28 CST 2025","broken","Thu Jul 17 22:23:39 CST 2025","TestSettingPage","test_setting","",""
"","10052","test_production_add3","Tests.test_item","Fri Jul 18 16:42:28 CST 2025","passed","Fri Jul 18 16:42:38 CST 2025","TestProductionPage","test_production","",""
"","3884","test_previewPlan_select","Tests.test_item","Fri Jul 18 16:28:59 CST 2025","passed","Fri Jul 18 16:29:03 CST 2025","TestPreviewPlanPage","test_previewplan","",""
"","5311","test_operationPlan_selectfail3","Tests.test_item","Fri Jul 18 14:37:30 CST 2025","passed","Fri Jul 18 14:37:35 CST 2025","TestOperationPlanPage","test_operationPlan","",""
"","8351","test_production_selectitem","Tests.test_item","Fri Jul 18 16:46:26 CST 2025","passed","Fri Jul 18 16:46:35 CST 2025","TestProductionPage","test_production","",""
"","7944","test_changespec_addresourcefail","Tests.test_item","Fri Jul 18 10:53:58 CST 2025","passed","Fri Jul 18 10:54:06 CST 2025","TestChangeSpecPage","test_changespec","",""
"","11316","test_function_close1","Tests.test_item","Thu Jul 17 22:58:59 CST 2025","passed","Thu Jul 17 22:59:10 CST 2025","TestFunctionPage","test_function","",""
"","6856","test_resource_editnamesuccess","Tests.test_item","Thu Jul 17 20:24:36 CST 2025","passed","Thu Jul 17 20:24:43 CST 2025","TestResourcePage","test_resource","",""
"","6466","test_itemgroup_addcodebox","Tests.test_item","Thu Jul 17 20:14:33 CST 2025","passed","Thu Jul 17 20:14:40 CST 2025","TestItemGroupPage","test_itemgroup","",""
"","8398","test_personal_switchformat1","Tests.test_item","Thu Jul 17 23:05:34 CST 2025","passed","Thu Jul 17 23:05:43 CST 2025","TestPersonalPage","test_personal","",""
"","6984","test_production_editresource","Tests.test_item","Fri Jul 18 16:40:53 CST 2025","passed","Fri Jul 18 16:41:00 CST 2025","TestProductionPage","test_production","",""
"","10876","test_setting_statistics_success5","Tests.test_item","Thu Jul 17 22:39:51 CST 2025","broken","Thu Jul 17 22:40:02 CST 2025","TestSettingPage","test_setting","",""
"","5577","test_sched_addcommandfail","Tests.test_item","Thu Jul 17 21:34:44 CST 2025","passed","Thu Jul 17 21:34:49 CST 2025","TestSchedPage","test_sched","",""
"","7452","test_shift_edittimesuccess","Tests.test_item","Thu Jul 17 20:46:09 CST 2025","passed","Thu Jul 17 20:46:16 CST 2025","TestShiftPage","test_shift","",""
"","15165","test_coverage_selectcodesuccess","Tests.test_item","Thu Jul 17 20:52:39 CST 2025","passed","Thu Jul 17 20:52:54 CST 2025","TestCoveragePage","test_coverage","",""
"","11891","test_item_selectsuccess1","Tests.test_item","Thu Jul 17 20:11:06 CST 2025","passed","Thu Jul 17 20:11:18 CST 2025","TestItemPage","test_item","",""
"","4733","test_shift_addminutesnum","Tests.test_item","Thu Jul 17 20:43:15 CST 2025","passed","Thu Jul 17 20:43:19 CST 2025","TestShiftPage","test_shift","",""
"","7893","test_chart_button5","Tests.test_item","Thu Jul 17 22:09:40 CST 2025","passed","Thu Jul 17 22:09:48 CST 2025","TestChartPage","test_chart","",""
"","5579","test_customer_addcodefail","Tests.test_item","Thu Jul 17 19:57:54 CST 2025","passed","Thu Jul 17 19:57:59 CST 2025","TestCustomerPage","test_customer","",""
"","15180","test_setting_select_timeinput","Tests.test_item","Thu Jul 17 22:30:42 CST 2025","broken","Thu Jul 17 22:30:57 CST 2025","TestSettingPage","test_setting","",""
"","6166","test_item_delcancel","Tests.test_item","Thu Jul 17 20:07:55 CST 2025","passed","Thu Jul 17 20:08:01 CST 2025","TestItemPage","test_item","",""
"","6566","test_chart_addlayout","Tests.test_item","Thu Jul 17 22:06:05 CST 2025","passed","Thu Jul 17 22:06:12 CST 2025","TestChartPage","test_chart","",""
"","2423","test_coverage_addnum","Tests.test_item","Thu Jul 17 20:49:37 CST 2025","failed","Thu Jul 17 20:49:40 CST 2025","TestCoveragePage","test_coverage","",""
"","7924","test_changespec_editprioritizationsuccess","Tests.test_item","Fri Jul 18 10:57:15 CST 2025","passed","Fri Jul 18 10:57:23 CST 2025","TestChangeSpecPage","test_changespec","",""
"","11238","test_setting_label_addsuccess","Tests.test_item","Thu Jul 17 22:48:17 CST 2025","broken","Thu Jul 17 22:48:28 CST 2025","TestSettingPage","test_setting","",""
"","9053","test_calendar_restart","Tests.test_item","Thu Jul 17 20:56:50 CST 2025","passed","Thu Jul 17 20:57:00 CST 2025","TestCalendarPage","test_calendar","",""
"","8295","test_changeI_delsuccess","Tests.test_item","Fri Jul 18 09:40:38 CST 2025","passed","Fri Jul 18 09:40:46 CST 2025","TestChangeIPage","test_changeI","",""
"","16600","test_chart_deletelayout","Tests.test_item","Thu Jul 17 22:06:44 CST 2025","passed","Thu Jul 17 22:07:01 CST 2025","TestChartPage","test_chart","",""
"","11974","test_order_selectnamesuccess","Tests.test_item","Thu Jul 17 21:21:54 CST 2025","passed","Thu Jul 17 21:22:06 CST 2025","TestOrderPage","test_order","",""
"","7831","test_order_addsuccess","Tests.test_item","Thu Jul 17 21:18:55 CST 2025","passed","Thu Jul 17 21:19:02 CST 2025","TestOrderPage","test_order","",""
"","6938","test_master_addcodefail","Tests.test_item","Fri Jul 18 11:44:13 CST 2025","passed","Fri Jul 18 11:44:20 CST 2025","TestMasterPage","test_master","",""
"","12152","test_changeR_addrepe","Tests.test_item","Thu Jul 17 21:08:18 CST 2025","passed","Thu Jul 17 21:08:30 CST 2025","TestChangeRPage","test_changeR","",""
"","8205","test_chart_button7","Tests.test_item","Thu Jul 17 22:10:15 CST 2025","passed","Thu Jul 17 22:10:24 CST 2025","TestChartPage","test_chart","",""
"","14921","test_master_selectcodesuccess","Tests.test_item","Thu Jul 17 21:31:57 CST 2025","passed","Thu Jul 17 21:32:12 CST 2025","TestMasterPage","test_master","",""
"","6143","test_itemgroup_addsuccess1","Tests.test_item","Thu Jul 17 20:15:38 CST 2025","passed","Thu Jul 17 20:15:45 CST 2025","TestItemGroupPage","test_itemgroup","",""
"","11812","test_calendar_addweeksuccess","Tests.test_item","Thu Jul 17 20:55:42 CST 2025","passed","Thu Jul 17 20:55:54 CST 2025","TestCalendarPage","test_calendar","",""
"","13390","test_master_addserial2","Tests.test_item","Fri Jul 18 11:44:49 CST 2025","passed","Fri Jul 18 11:45:02 CST 2025","TestMasterPage","test_master","",""
"","11368","test_setting_statistics_success10","Tests.test_item","Thu Jul 17 22:43:25 CST 2025","broken","Thu Jul 17 22:43:36 CST 2025","TestSettingPage","test_setting","",""
"","15928","test_resourcegroup_delsuccess1","Tests.test_item","Thu Jul 17 20:33:53 CST 2025","passed","Thu Jul 17 20:34:08 CST 2025","TestResourceGroupPage","test_resourcegroup","",""
"","20852","test_changeI_addall","Tests.test_item","Fri Jul 18 09:38:30 CST 2025","passed","Fri Jul 18 09:38:51 CST 2025","TestChangeIPage","test_changeI","",""
"","6228","test_resourcegroup_delcancel","Tests.test_item","Thu Jul 17 20:30:28 CST 2025","passed","Thu Jul 17 20:30:35 CST 2025","TestResourceGroupPage","test_resourcegroup","",""
"","18544","test_process_selectsuccess2","Tests.test_item","Thu Jul 17 20:39:43 CST 2025","passed","Thu Jul 17 20:40:01 CST 2025","TestProcessPage","test_process","",""
"","3099","test_login_pafail","Tests.test_item","Fri Jul 18 17:40:45 CST 2025","passed","Fri Jul 18 17:40:48 CST 2025","TestLoginPage","test_login","",""
"","5193","test_personal_editpassword7","Tests.test_item","Thu Jul 17 23:03:26 CST 2025","passed","Thu Jul 17 23:03:32 CST 2025","TestPersonalPage","test_personal","",""
"","11023","test_changespec_additemfail","Tests.test_item","Fri Jul 18 10:54:16 CST 2025","passed","Fri Jul 18 10:54:27 CST 2025","TestChangeSpecPage","test_changespec","",""
"","11982","test_master_addrepeat","Tests.test_item","Fri Jul 18 11:45:59 CST 2025","passed","Fri Jul 18 11:46:11 CST 2025","TestMasterPage","test_master","",""
"","13255","test_changeI_addrepe","Tests.test_item","Fri Jul 18 09:40:13 CST 2025","passed","Fri Jul 18 09:40:27 CST 2025","TestChangeIPage","test_changeI","",""
"","14904","test_customer_selectnodatasuccess","Tests.test_item","Thu Jul 17 20:01:48 CST 2025","passed","Thu Jul 17 20:02:03 CST 2025","TestCustomerPage","test_customer","",""
"","12022","test_resourcegroup_selectnamesuccess","Tests.test_item","Thu Jul 17 20:33:12 CST 2025","passed","Thu Jul 17 20:33:24 CST 2025","TestResourceGroupPage","test_resourcegroup","",""
"","6180","test_sched_rule3","Tests.test_item","Thu Jul 17 21:39:00 CST 2025","passed","Thu Jul 17 21:39:07 CST 2025","TestSchedPage","test_sched","",""
"","7955","test_plan_closebutton","Tests.test_item","Thu Jul 17 21:47:29 CST 2025","passed","Thu Jul 17 21:47:37 CST 2025","TestPlanPage","test_plan","",""
"","9725","test_itemgroup_delsuccess","Tests.test_item","Thu Jul 17 20:20:14 CST 2025","passed","Thu Jul 17 20:20:24 CST 2025","TestItemGroupPage","test_itemgroup","",""
"","9815","test_customer_editnamesuccess","Tests.test_item","Thu Jul 17 20:00:49 CST 2025","passed","Thu Jul 17 20:00:59 CST 2025","TestCustomerPage","test_customer","",""
"","10925","test_customer_delall","Tests.test_item","Thu Jul 17 20:04:41 CST 2025","passed","Thu Jul 17 20:04:52 CST 2025","TestCustomerPage","test_customer","",""
"","4933","test_setting_addtablefail1","Tests.test_item","Thu Jul 17 22:15:32 CST 2025","passed","Thu Jul 17 22:15:37 CST 2025","TestSettingPage","test_setting","",""
"","8045","test_sched_resourceconstraints1","Tests.test_item","Thu Jul 17 21:42:26 CST 2025","passed","Thu Jul 17 21:42:34 CST 2025","TestSchedPage","test_sched","",""
"","5200","test_function_gopage","Tests.test_item","Thu Jul 17 23:00:08 CST 2025","passed","Thu Jul 17 23:00:13 CST 2025","TestFunctionPage","test_function","",""
"","11286","test_setting_select_numinput","Tests.test_item","Thu Jul 17 22:27:46 CST 2025","broken","Thu Jul 17 22:27:58 CST 2025","TestSettingPage","test_setting","",""
"","11143","test_calendar_editcodesuccess","Tests.test_item","Thu Jul 17 20:58:00 CST 2025","passed","Thu Jul 17 20:58:11 CST 2025","TestCalendarPage","test_calendar","",""
"","12616","test_setting_display","Tests.test_item","Thu Jul 17 22:18:52 CST 2025","broken","Thu Jul 17 22:19:05 CST 2025","TestSettingPage","test_setting","",""
"","7670","test_sched_delsched3","Tests.test_item","Thu Jul 17 21:46:21 CST 2025","passed","Thu Jul 17 21:46:28 CST 2025","TestSchedPage","test_sched","",""
"","9816","test_itemgroup_editnamesuccess","Tests.test_item","Thu Jul 17 20:16:43 CST 2025","passed","Thu Jul 17 20:16:52 CST 2025","TestItemGroupPage","test_itemgroup","",""
"","7405","test_sched_addrepeatsuccess","Tests.test_item","Thu Jul 17 21:33:50 CST 2025","passed","Thu Jul 17 21:33:57 CST 2025","TestSchedPage","test_sched","",""
"","11860","test_customer_selectnamesuccess","Tests.test_item","Thu Jul 17 20:02:13 CST 2025","passed","Thu Jul 17 20:02:25 CST 2025","TestCustomerPage","test_customer","",""
"","14295","test_coverage_addweeksuccess3","Tests.test_item","Thu Jul 17 20:51:44 CST 2025","passed","Thu Jul 17 20:51:59 CST 2025","TestCoveragePage","test_coverage","",""
"","6169","test_resourcegroup_addrepeat","Tests.test_item","Thu Jul 17 20:30:11 CST 2025","passed","Thu Jul 17 20:30:17 CST 2025","TestResourceGroupPage","test_resourcegroup","",""
"","18193","test_customer_delsuccess1","Tests.test_item","Thu Jul 17 20:05:21 CST 2025","passed","Thu Jul 17 20:05:39 CST 2025","TestCustomerPage","test_customer","",""
"","5708","test_process_addsuccess","Tests.test_item","Thu Jul 17 20:35:40 CST 2025","passed","Thu Jul 17 20:35:46 CST 2025","TestProcessPage","test_process","",""
"","11529","test_setting_average","Tests.test_item","Thu Jul 17 22:20:19 CST 2025","broken","Thu Jul 17 22:20:30 CST 2025","TestSettingPage","test_setting","",""
"","7471","test_sched_addrepeatsuccess1","Tests.test_item","Thu Jul 17 21:36:50 CST 2025","passed","Thu Jul 17 21:36:58 CST 2025","TestSchedPage","test_sched","",""
"","8061","test_changer_addresourcefail","Tests.test_item","Thu Jul 17 21:06:12 CST 2025","passed","Thu Jul 17 21:06:20 CST 2025","TestChangeRPage","test_changeR","",""
"","9314","test_order_delsuccess1","Tests.test_item","Thu Jul 17 21:23:26 CST 2025","passed","Thu Jul 17 21:23:35 CST 2025","TestOrderPage","test_order","",""
"","9357","test_resource_delsuccess","Tests.test_item","Thu Jul 17 20:27:38 CST 2025","passed","Thu Jul 17 20:27:47 CST 2025","TestResourcePage","test_resource","",""
"","8391","test_item_editcodesuccess","Tests.test_item","Thu Jul 17 20:08:44 CST 2025","passed","Thu Jul 17 20:08:53 CST 2025","TestItemPage","test_item","",""
"","5546","test_changeI_addnum","Tests.test_item","Fri Jul 18 09:38:13 CST 2025","passed","Fri Jul 18 09:38:18 CST 2025","TestChangeIPage","test_changeI","",""
"","6931","test_process_restart","Tests.test_item","Thu Jul 17 20:41:01 CST 2025","passed","Thu Jul 17 20:41:08 CST 2025","TestProcessPage","test_process","",""
"","8391","test_spec_addfail","Tests.test_item","Thu Jul 17 19:50:14 CST 2025","passed","Thu Jul 17 19:50:22 CST 2025","TestSpecPage","test_spec1","",""
"","8315","test_sched_dispatchfailed2","Tests.test_item","Thu Jul 17 21:39:34 CST 2025","passed","Thu Jul 17 21:39:42 CST 2025","TestSchedPage","test_sched","",""
"","6459","test_setting_addrepeat","Tests.test_item","Thu Jul 17 22:14:53 CST 2025","passed","Thu Jul 17 22:14:59 CST 2025","TestSettingPage","test_setting","",""
"","5631","test_customer_addsuccess","Tests.test_item","Thu Jul 17 19:58:57 CST 2025","passed","Thu Jul 17 19:59:02 CST 2025","TestCustomerPage","test_customer","",""
"","1821","test_personal_characters_display","Tests.test_item","Thu Jul 17 23:21:53 CST 2025","passed","Thu Jul 17 23:21:55 CST 2025","TestPersonalPage","test_personal","",""
"","11023","test_customer_restart","Tests.test_item","Thu Jul 17 20:04:20 CST 2025","passed","Thu Jul 17 20:04:31 CST 2025","TestCustomerPage","test_customer","",""
"","6119","test_itemgroup_editrepeat","Tests.test_item","Thu Jul 17 20:15:55 CST 2025","passed","Thu Jul 17 20:16:01 CST 2025","TestItemGroupPage","test_itemgroup","",""
"","13756","test_coverage_addweeksuccess2","Tests.test_item","Thu Jul 17 20:51:21 CST 2025","passed","Thu Jul 17 20:51:35 CST 2025","TestCoveragePage","test_coverage","",""
"","13291","test_function_collect","Tests.test_item","Thu Jul 17 23:00:59 CST 2025","broken","Thu Jul 17 23:01:13 CST 2025","TestFunctionPage","test_function","",""
"","9120","test_production_editnum3","Tests.test_item","Fri Jul 18 16:45:28 CST 2025","passed","Fri Jul 18 16:45:37 CST 2025","TestProductionPage","test_production","",""
"","6543","test_spec_addsuccess1","Tests.test_item","Thu Jul 17 19:51:50 CST 2025","passed","Thu Jul 17 19:51:56 CST 2025","TestSpecPage","test_spec1","",""
"","7907","test_sched_dispatchfailed1","Tests.test_item","Thu Jul 17 21:39:16 CST 2025","passed","Thu Jul 17 21:39:24 CST 2025","TestSchedPage","test_sched","",""
"","11236","test_setting_statistics_success12","Tests.test_item","Thu Jul 17 22:44:50 CST 2025","broken","Thu Jul 17 22:45:01 CST 2025","TestSettingPage","test_setting","",""
"","4288","test_sched_addfail1","Tests.test_item","Thu Jul 17 21:33:06 CST 2025","passed","Thu Jul 17 21:33:10 CST 2025","TestSchedPage","test_sched","",""
"","4772","test_operationPlan_selectfail1","Tests.test_item","Fri Jul 18 14:36:56 CST 2025","passed","Fri Jul 18 14:37:01 CST 2025","TestOperationPlanPage","test_operationPlan","",""
"","9263","test_chart_sort1","Tests.test_item","Thu Jul 17 22:07:11 CST 2025","passed","Thu Jul 17 22:07:20 CST 2025","TestChartPage","test_chart","",""
"","10932","test_setting_select_success","Tests.test_item","Thu Jul 17 22:29:12 CST 2025","broken","Thu Jul 17 22:29:23 CST 2025","TestSettingPage","test_setting","",""
"","12264","test_setting_label_success","Tests.test_item","Thu Jul 17 22:51:56 CST 2025","broken","Thu Jul 17 22:52:08 CST 2025","TestSettingPage","test_setting","",""
"","15333","test_changeI_addprioritizationfail","Tests.test_item","Fri Jul 18 09:37:45 CST 2025","passed","Fri Jul 18 09:38:01 CST 2025","TestChangeIPage","test_changeI","",""
"","5727","test_process_addcodefail","Tests.test_item","Thu Jul 17 20:34:37 CST 2025","passed","Thu Jul 17 20:34:43 CST 2025","TestProcessPage","test_process","",""
"","11197","test_master_editprocess","Tests.test_item","Thu Jul 17 21:29:51 CST 2025","broken","Thu Jul 17 21:30:03 CST 2025","TestMasterPage","test_master","",""
"","7873","test_shift_adddateminnum_comparison","Tests.test_item","Thu Jul 17 20:43:29 CST 2025","passed","Thu Jul 17 20:43:37 CST 2025","TestShiftPage","test_shift","",""
"","4742","test_personal_editpassword8","Tests.test_item","Thu Jul 17 23:03:40 CST 2025","passed","Thu Jul 17 23:03:44 CST 2025","TestPersonalPage","test_personal","",""
"","11560","test_changeI_additemfail","Tests.test_item","Fri Jul 18 09:36:58 CST 2025","passed","Fri Jul 18 09:37:10 CST 2025","TestChangeIPage","test_changeI","",""
"","20581","test_process_selectsuccess3","Tests.test_item","Thu Jul 17 20:40:11 CST 2025","passed","Thu Jul 17 20:40:32 CST 2025","TestProcessPage","test_process","",""
"","13348","test_function_nocollect","Tests.test_item","Thu Jul 17 23:01:42 CST 2025","broken","Thu Jul 17 23:01:56 CST 2025","TestFunctionPage","test_function","",""
"","9713","test_sched_dispatchstopped","Tests.test_item","Thu Jul 17 21:39:52 CST 2025","passed","Thu Jul 17 21:40:02 CST 2025","TestSchedPage","test_sched","",""
"","11165","test_spec_restart","Tests.test_item","Thu Jul 17 19:56:05 CST 2025","passed","Thu Jul 17 19:56:16 CST 2025","TestSpecPage","test_spec1","",""
"","4868","test_sched_addfail2","Tests.test_item","Thu Jul 17 21:33:20 CST 2025","passed","Thu Jul 17 21:33:25 CST 2025","TestSchedPage","test_sched","",""
"","6430","test_master_delsuccessserial2","Tests.test_item","Thu Jul 17 21:28:11 CST 2025","passed","Thu Jul 17 21:28:17 CST 2025","TestMasterPage","test_master","",""
"","13930","test_master_addserial3","Tests.test_item","Fri Jul 18 11:45:36 CST 2025","passed","Fri Jul 18 11:45:50 CST 2025","TestMasterPage","test_master","",""
"","9314","test_chart_editlayout","Tests.test_item","Thu Jul 17 22:06:25 CST 2025","passed","Thu Jul 17 22:06:35 CST 2025","TestChartPage","test_chart","",""
"","5662","test_operationPlan_selectfail2","Tests.test_item","Fri Jul 18 14:37:12 CST 2025","passed","Fri Jul 18 14:37:18 CST 2025","TestOperationPlanPage","test_operationPlan","",""
"","9774","test_customer_addfail","Tests.test_item","Thu Jul 17 19:57:34 CST 2025","passed","Thu Jul 17 19:57:44 CST 2025","TestCustomerPage","test_customer","",""
"","11575","test_setting_label_updatesuccess","Tests.test_item","Thu Jul 17 22:50:26 CST 2025","broken","Thu Jul 17 22:50:37 CST 2025","TestSettingPage","test_setting","",""
"","11855","test_resource_selectsuccess1","Tests.test_item","Thu Jul 17 20:26:18 CST 2025","passed","Thu Jul 17 20:26:30 CST 2025","TestResourcePage","test_resource","",""
"","12174","test_setting_deleteperspective","Tests.test_item","Thu Jul 17 22:34:08 CST 2025","passed","Thu Jul 17 22:34:20 CST 2025","TestSettingPage","test_setting","",""
"","7998","test_chart_button1","Tests.test_item","Thu Jul 17 22:08:30 CST 2025","passed","Thu Jul 17 22:08:38 CST 2025","TestChartPage","test_chart","",""
"","6902","test_setting_addsuccess1","Tests.test_item","Thu Jul 17 22:16:43 CST 2025","passed","Thu Jul 17 22:16:50 CST 2025","TestSettingPage","test_setting","",""
